
-- Insert-uri Tabel Album
-- Album 1: Life Thru a Lens (1997)
INSERT INTO album (id_album, titlu, gen, data_lansare, casa_de_discuri, link_coperta_album) VALUES (1, 'Life Thru a Lens', 'Pop', STR_TO_DATE('1997-09-29', '%Y-%m-%d'), 'Chrysalis Records', 'https://upload.wikimedia.org/wikipedia/en/2/26/Life_thru_a_Lens_cover.png');
-- Album 2: I’ve Been Expecting You (1998)
INSERT INTO album (id_album, titlu, gen, data_lansare, casa_de_discuri, link_coperta_album) VALUES (2, 'I''ve Been Expecting You', 'Pop Rock', STR_TO_DATE('1998-10-26', '%Y-%m-%d'), 'Chrysalis Records', 'https://upload.wikimedia.org/wikipedia/en/0/03/I%27ve_Been_Expecting_You_cover.png');
-- Album 3: Sing When You’re Winning (2000)
INSERT INTO album (id_album, titlu, gen, data_lansare, casa_de_discuri, link_coperta_album) VALUES (3, 'Sing When You''re Winning', 'Pop', STR_TO_DATE('2000-08-28', '%Y-%m-%d'), 'Chrysalis Records', 'https://upload.wikimedia.org/wikipedia/en/1/1c/Sing_When_You%27re_Winning_cover.png');
-- Album 4 : "Swing When You're Winning"
INSERT INTO album (id_album, titlu, gen, data_lansare, casa_de_discuri, link_coperta_album) VALUES (4, 'Swing When You''re Winning', 'Swing-Pop', STR_TO_DATE('2001-11-19', '%Y-%m-%d'), 'Chrysalis', 'https://upload.wikimedia.org/wikipedia/en/d/d3/Swing_When_You%27re_Winning_cover.png');
-- Album 5: Escapology (2002)
INSERT INTO album (id_album, titlu, gen, data_lansare, casa_de_discuri, link_coperta_album) VALUES (5, 'Escapology', 'Pop Rock', STR_TO_DATE('2002-11-18', '%Y-%m-%d'), 'EMI', 'https://upload.wikimedia.org/wikipedia/en/e/e9/Escapology_cover.png');
-- Album 6: Intensive Care (2005)
INSERT INTO album (id_album, titlu, gen, data_lansare, casa_de_discuri, link_coperta_album) VALUES (6, 'Intensive Care', 'Pop', STR_TO_DATE('2005-10-24', '%Y-%m-%d'), 'EMI', 'https://upload.wikimedia.org/wikipedia/en/thumb/5/57/Robbie_intensivecare.jpg/220px-Robbie_intensivecare.jpg');
-- Album 7: Rudebox (2006)
INSERT INTO album (id_album, titlu, gen, data_lansare, casa_de_discuri, link_coperta_album) VALUES (7, 'Rudebox', 'Electropop', STR_TO_DATE('2006-10-23', '%Y-%m-%d'), 'EMI', 'https://upload.wikimedia.org/wikipedia/en/4/41/Rudebox_cover.jpg');
-- Album 8: Reality Killed the Video Star (2009)
INSERT INTO album (id_album, titlu, gen, data_lansare, casa_de_discuri, link_coperta_album) VALUES (8, 'Reality Killed the Video Star', 'Pop Rock', STR_TO_DATE('2009-11-09', '%Y-%m-%d'), 'Virgin Records', 'https://upload.wikimedia.org/wikipedia/en/4/49/Reality_Killed_the_Video_Star.jpg');
-- Album 9: Take the Crown (2012)
INSERT INTO album (id_album, titlu, gen, data_lansare, casa_de_discuri, link_coperta_album) VALUES (9, 'Take the Crown', 'Pop', STR_TO_DATE('2012-11-05', '%Y-%m-%d'), 'Island Records', 'https://upload.wikimedia.org/wikipedia/en/4/4c/Take_the_Crown_cover.png'); 
-- Album 10: Swings Both Ways (2013)
INSERT INTO album (id_album, titlu, gen, data_lansare, casa_de_discuri, link_coperta_album) VALUES (10, 'Swings Both Ways', 'Swing', STR_TO_DATE('2013-11-18', '%Y-%m-%d'), 'Island Records', 'https://https://upload.wikimedia.org/wikipedia/en/8/87/Swings_Both_Ways.png');
-- Album 11: Under the Radar Vol. 1 (2014)
INSERT INTO album (id_album, titlu, gen, data_lansare, casa_de_discuri, link_coperta_album) VALUES (11, 'Under the Radar Vol. 1', 'Pop', STR_TO_DATE('2014-12-08', '%Y-%m-%d'), 'Self-Released', 'https://upload.wikimedia.org/wikipedia/en/e/e7/Under_The_Radar_Volume_1_album_cover.jpg');
-- Album 12: The Heavy Entertainment Show (2016)
INSERT INTO album (id_album, titlu, gen, data_lansare, casa_de_discuri, link_coperta_album) VALUES (12, 'The Heavy Entertainment Show', 'Pop Rock', STR_TO_DATE('2016-11-04', '%Y-%m-%d'), 'Columbia Records', 'https://upload.wikimedia.org/wikipedia/en/3/33/Heavy_Entertainment_Show_cover.png');
-- Album 13: Under the Radar Vol. 2 (2017)
INSERT INTO album (id_album, titlu, gen, data_lansare, casa_de_discuri, link_coperta_album) VALUES (13, 'Under the Radar Vol. 2', 'Pop', STR_TO_DATE('2017-11-30', '%Y-%m-%d'), 'Self-Released', 'https://upload.wikimedia.org/wikipedia/en/0/0d/Under_the_Radar_Volume_2_album_cover.jpg');
-- Album 14: Under the Radar Vol. 3 (2019)
INSERT INTO album (id_album, titlu, gen, data_lansare, casa_de_discuri, link_coperta_album) VALUES (14, 'Under the Radar Vol. 3', 'Pop', STR_TO_DATE('2019-02-14', '%Y-%m-%d'), 'Self-Released', 'https://robbiewilliams.com/cdn/shop/products/UTTR3_Standard_tempSQ_a727bb1d-cce9-407a-b4ea-021a9ba6c6c5.jpg?v=1649260126');
-- Album 15: The Christmas Present (2019)
INSERT INTO album (id_album, titlu, gen, data_lansare, casa_de_discuri, link_coperta_album) VALUES (15, 'The Christmas Present', 'Christmas', STR_TO_DATE('2019-11-22', '%Y-%m-%d'), 'Columbia Records', 'https://upload.wikimedia.org/wikipedia/en/e/e9/Robbie_Williams_-_The_Christmas_Present.png');
-- Album 16: XXV (2022)
INSERT INTO album (id_album, titlu, gen, data_lansare, casa_de_discuri, link_coperta_album) VALUES (16, 'XXV', 'Pop', STR_TO_DATE('2022-09-09', '%Y-%m-%d'), 'Columbia Records', 'https://upload.wikimedia.org/wikipedia/en/thumb/2/2f/Robbie_Williams_-_XXV.png/220px-Robbie_Williams_-_XXV.png');
-- Album 17: Better Man Soundtrack (2024)
INSERT INTO album (id_album, titlu, gen, data_lansare, casa_de_discuri, link_coperta_album) VALUES (17, 'Better Man Soundtrack', 'Soundtrack', STR_TO_DATE('2024-06-01', '%Y-%m-%d'), 'Columbia Records', 'https://is1-ssl.mzstatic.com/image/thumb/Music211/v4/bb/7b/2b/bb7b2b02-f993-1a96-4e79-02512e960722/196872686289.jpg/1200x1200bb.jpg');

-- Insert-uri Tabel Piese
-- Album 1: Life Thru a Lens
INSERT INTO piese (id_piesa, id_album, titlu, durata, compozitor, link_piesa) VALUES
(1, 1, 'Lazy Days', '03:55', 'Robbie Williams, Guy Chambers', 'https://youtu.be/ntAmCUb3TuU?si=oDr4xAzgURqBzDpY');
INSERT INTO piese (id_piesa, id_album, titlu, durata, compozitor, link_piesa) VALUES
(2, 1, 'Life Thru A Lens', '03:08', 'Robbie Williams, Guy Chambers', 'https://youtu.be/48OaCfP_Voo?si=_nYK7QhIx1WWjKM3');
INSERT INTO piese (id_piesa, id_album, titlu, durata, compozitor, link_piesa) VALUES
(3, 1, 'Ego A Go Go', '03:35', 'Robbie Williams, Guy Chambers', 'https://youtu.be/EGRONkniqpU?si=iQsq1X1f0KFXIQ-b');
INSERT INTO piese (id_piesa, id_album, titlu, durata, compozitor, link_piesa) VALUES
(4, 1, 'Angels', '04:25', 'Robbie Williams, Guy Chambers', 'https://youtu.be/xRAfqQVuJ94?si=ksnV9_chWvIo3WHZ');
INSERT INTO piese (id_piesa, id_album, titlu, durata, compozitor, link_piesa) VALUES
(5, 1, 'South Of The Border', '03:54', 'Robbie Williams, Guy Chambers', 'https://youtu.be/7ABkFzWN5wI?si=BAEC2L6WpB5HLnVh');
INSERT INTO piese (id_piesa, id_album, titlu, durata, compozitor, link_piesa) VALUES
(6, 1, 'Old Before I Die', '03:54', 'Robbie Williams, Guy Chambers', 'https://youtu.be/SWZZkz2nkQE?si=Z1rRmxP133Op4Nwl');
INSERT INTO piese (id_piesa, id_album, titlu, durata, compozitor, link_piesa) VALUES
(7, 1, 'One Of God''s Better People', '03:34', 'Robbie Williams, Guy Chambers', 'https://youtu.be/9afOjgL30IM?si=I2slm6prtxfB0Evq');
INSERT INTO piese (id_piesa, id_album, titlu, durata, compozitor, link_piesa) VALUES
(8, 1, 'Let Me Entertain You', '04:22', 'Robbie Williams, Guy Chambers', 'https://youtu.be/kzeK0V0amPQ?si=swa0jp2v55NVLkVh');
INSERT INTO piese (id_piesa, id_album, titlu, durata, compozitor, link_piesa) VALUES
(9, 1, 'Killing Me', '03:57', 'Robbie Williams, Guy Chambers', 'https://youtu.be/9sQfbICmcs8?si=TEFqC1hyJaxr-AuB');
INSERT INTO piese (id_piesa, id_album, titlu, durata, compozitor, link_piesa) VALUES
(10, 1, 'Clean', '03:56', 'Robbie Williams, Guy Chambers', 'https://youtu.be/0wvDP2071J0?si=NHDG3cbUGn8fZ6un');
INSERT INTO piese (id_piesa, id_album, titlu, durata, compozitor, link_piesa) VALUES
(11, 1, 'Baby Girl Window + Hidden Track ''Hello Sir''', '14:11', 'Robbie Williams, Guy Chambers', 'https://youtu.be/s2y-0lJj66Y?si=A_Qi6X1mSX8LxyLw');
-- Album 2: I’ve Been Expecting You
INSERT INTO piese (id_piesa, id_album, titlu, durata, compozitor, link_piesa) VALUES
(12, 2, 'Strong', '04:40', 'Robbie Williams, Guy Chambers', 'https://youtu.be/KVyxpwSvMsc?si=WcKTiQ4KJfbAgG9K');
INSERT INTO piese (id_piesa, id_album, titlu, durata, compozitor, link_piesa) VALUES
(13, 2, 'No Regrets', '05:11', 'Robbie Williams, Guy Chambers', 'https://youtu.be/Yb_3Bv-kmWQ?si=u15aWqavpYVSlHmG');
INSERT INTO piese (id_piesa, id_album, titlu, durata, compozitor, link_piesa) VALUES
(14, 2, 'Millennium', '04:08', 'Robbie Williams, Guy Chambers', 'https://youtu.be/D2b0__bUOU0?si=QJcx5NSOOZLFWa6F');
INSERT INTO piese (id_piesa, id_album, titlu, durata, compozitor, link_piesa) VALUES
(15, 2, 'Phoenix From The Flames', '04:03', 'Robbie Williams, Guy Chambers', 'https://youtu.be/q1PBlsjWiCI?si=sz29162nIVD96ayK');
INSERT INTO piese (id_piesa, id_album, titlu, durata, compozitor, link_piesa) VALUES
(16, 2, 'Win Some Lose Some', '04:19', 'Robbie Williams, Guy Chambers', 'https://youtu.be/wR-nPqBhZPo?si=XHLSADMdI9kcQ8uZ');
INSERT INTO piese (id_piesa, id_album, titlu, durata, compozitor, link_piesa) VALUES
(17, 2, 'Grace', '03:14', 'Robbie Williams, Guy Chambers', 'https://youtu.be/3ptkYl7l_rE?si=fXV3rp5xDse-Zc3z');
INSERT INTO piese (id_piesa, id_album, titlu, durata, compozitor, link_piesa) VALUES
(18, 2, 'It''s Only Us', '02:51', 'Robbie Williams, Guy Chambers', 'https://youtu.be/0eRNOMcMUHQ?si=9o3YrdG2Tf4g-DPU');
INSERT INTO piese (id_piesa, id_album, titlu, durata, compozitor, link_piesa) VALUES
(19, 2, 'Heaven From Here', '03:06', 'Robbie Williams, Guy Chambers', 'https://youtu.be/8iGfF_pFe0M?si=Fx-uRoSB4i7ThYRz');
INSERT INTO piese (id_piesa, id_album, titlu, durata, compozitor, link_piesa) VALUES
(20, 2, 'Karma Killer', '04:29', 'Robbie Williams, Guy Chambers', 'https://youtu.be/VWq4eI68FSQ?si=AbMTerDYVnMrubPh');
INSERT INTO piese (id_piesa, id_album, titlu, durata, compozitor, link_piesa) VALUES
(21, 2, 'She''s The One', '04:19', 'Robbie Williams, Guy Chambers', 'https://youtu.be/wp1m1MAFkk4?si=HoFPmtmLARplYa5l');
INSERT INTO piese (id_piesa, id_album, titlu, durata, compozitor, link_piesa) VALUES
(22, 2, 'Man Machine', '03:35', 'Robbie Williams, Guy Chambers', 'https://youtu.be/KQWBekZuLDI?si=kFpF0Y8YWT3kvVP3');
INSERT INTO piese (id_piesa, id_album, titlu, durata, compozitor, link_piesa) VALUES
(23, 2, 'These Dreams + Hidden Tracks ''Stand Your Ground'' and ''Stalker''s Day Off''', '31:25', 'Robbie Williams, Guy Chambers', 'https://youtu.be/GDYpz3SIMqI?si=6Oazmi_PQpz2njoa');
-- Album 3: Sing When You're Winning
INSERT INTO piese (id_piesa, id_album, titlu, durata, compozitor, link_piesa) 
VALUES (24, 3, 'Let Love Be Your Energy', '05:00', 'Robbie Williams, Guy Chambers', 'https://youtu.be/lu2ZdyKY6p8?si=pEHBdWTcwZpKQXby');
INSERT INTO piese (id_piesa, id_album, titlu, durata, compozitor, link_piesa) 
VALUES (25, 3, 'Better Man', '03:23', 'Robbie Williams, Guy Chambers', 'https://youtu.be/2FnsJ_Dm4As?si=f24-7ekm0XLWScIQ');
INSERT INTO piese (id_piesa, id_album, titlu, durata, compozitor, link_piesa) 
VALUES (26, 3, 'Rock DJ', '04:19', 'Robbie Williams, Guy Chambers', 'https://youtu.be/GPa8mjPq03Q?si=s9VlwIR3V2finL2m');
INSERT INTO piese (id_piesa, id_album, titlu, durata, compozitor, link_piesa) 
VALUES (27, 3, 'Supreme', '04:19', 'Robbie Williams, Guy Chambers', 'https://youtu.be/VrtjHK8c6Ec?si=UxujiS8jwnObZL49');
INSERT INTO piese (id_piesa, id_album, titlu, durata, compozitor, link_piesa) 
VALUES (28, 3, 'Kids', '04:47', 'Robbie Williams, Kylie Minogue, Guy Chambers', 'https://youtu.be/157fBfwvnuk?si=Kj4WEqo6_e56PTvm');
INSERT INTO piese (id_piesa, id_album, titlu, durata, compozitor, link_piesa) 
VALUES (29, 3, 'If It''s Hurting You', '04:11', 'Robbie Williams, Guy Chambers', 'https://youtu.be/iX_AN-bruNM?si=P3LXOaHyzS2D5cNk');
INSERT INTO piese (id_piesa, id_album, titlu, durata, compozitor, link_piesa) 
VALUES (30, 3, 'Singing For The Lonely', '04:32', 'Robbie Williams, Guy Chambers', 'https://youtu.be/QgZQcsEK-6o?si=MskHoaWFW4NrpRUH');
INSERT INTO piese (id_piesa, id_album, titlu, durata, compozitor, link_piesa) 
VALUES (31, 3, 'Love Calling Earth', '04:06', 'Robbie Williams, Guy Chambers', 'https://youtu.be/BJrZFtMY30U?si=ntzvu6yp5FJrtXTk');
INSERT INTO piese (id_piesa, id_album, titlu, durata, compozitor, link_piesa) 
VALUES (32, 3, 'Knutsford City Limits', '04:46', 'Robbie Williams, Guy Chambers', 'https://youtu.be/Cxt1E5qTOPk?si=RYgtKHMe4rQIRXZf');
INSERT INTO piese (id_piesa, id_album, titlu, durata, compozitor, link_piesa) 
VALUES (33, 3, 'Forever Texas', '03:38', 'Robbie Williams, Guy Chambers', 'https://youtu.be/VXaYhU_QNtM?si=m3zByeTR7hnsvpHZ');
INSERT INTO piese (id_piesa, id_album, titlu, durata, compozitor, link_piesa) 
VALUES (34, 3, 'By All Means Necessary', '04:46', 'Robbie Williams, Guy Chambers', 'https://youtu.be/mvageN4FW5k?si=5Jk2TsBYjtN653uR');
INSERT INTO piese (id_piesa, id_album, titlu, durata, compozitor, link_piesa) 
VALUES (35, 3, 'The Road To Mandalay', '28:17', 'Robbie Williams, Guy Chambers', 'https://youtu.be/3wu3ZUMTr7g?si=qnkno3MvH7BxKpot');
-- Album 4: Swing When You're Winning
INSERT INTO piese (id_piesa, id_album, titlu, durata, compozitor, link_piesa)
VALUES (36, 4, 'I Will Talk and Hollywood Will Listen', '03:17', 'Robbie Williams, Guy Chambers', 'https://youtu.be/vvwAiAZQC_4?si=zuYxs_QaGStJKySZ');
INSERT INTO piese (id_piesa, id_album, titlu, durata, compozitor, link_piesa)
VALUES (37, 4, 'Mack the Knife', '03:18', 'Kurt Weill, Bertolt Brecht', 'https://youtu.be/2Q_QhDV8lg4?si=yFBGysFjKURCFKJf');
INSERT INTO piese (id_piesa, id_album, titlu, durata, compozitor, link_piesa)
VALUES (38, 4, 'Somethin'' Stupid', '02:50', 'C. Carson Parks', 'https://youtu.be/12c9z3xvw0g?si=uKRbQoBbwZxLakgz');
INSERT INTO piese (id_piesa, id_album, titlu, durata, compozitor, link_piesa)
VALUES (39, 4, 'Do Nothin'' Till You Hear from Me', '02:58', 'Duke Ellington, Bob Russell', 'https://youtu.be/dLQnZuNDCk8?si=S9lvZJ5HBcLG21p8');
INSERT INTO piese (id_piesa, id_album, titlu, durata, compozitor, link_piesa)
VALUES (40, 4, 'It Was a Very Good Year', '04:28', 'Ervin Drake', 'https://youtu.be/qX_aI3WW0fQ?si=SKeIFcQCCe94CS5B');
INSERT INTO piese (id_piesa, id_album, titlu, durata, compozitor, link_piesa)
VALUES (41, 4, 'Straighten Up and Fly Right', '02:36', 'Nat King Cole, Irving Mills', 'https://youtu.be/B2A8QZ_3jJI?si=CGH42inb-fMe9Dfa');
INSERT INTO piese (id_piesa, id_album, titlu, durata, compozitor, link_piesa)
VALUES (42, 4, 'Well, Did You Evah', '03:50', 'Cole Porter', 'https://youtu.be/Y-ko8EzuLLI?si=Wq3YbRkufCfjdfbQ');
INSERT INTO piese (id_piesa, id_album, titlu, durata, compozitor, link_piesa)
VALUES (43, 4, 'Mr. Bojangles', '03:17', 'Jerry Jeff Walker', 'https://youtu.be/9FMHh6WjdiM?si=-FfkAdOsrWtqZOSR');
INSERT INTO piese (id_piesa, id_album, titlu, durata, compozitor, link_piesa)
VALUES (44, 4, 'One for My Baby', '04:17', 'Harold Arlen, Johnny Mercer', 'https://youtu.be/0s9wZWTL_GE?si=g5ZNd65wzrX4bDpe');
INSERT INTO piese (id_piesa, id_album, titlu, durata, compozitor, link_piesa)
VALUES (45, 4, 'Things', '03:22', 'Bobby Darin', 'https://youtu.be/Rx5FTYZgbf0?si=sE2Z6Kv_629LrdJM');
INSERT INTO piese (id_piesa, id_album, titlu, durata, compozitor, link_piesa)
VALUES (46, 4, 'Ain''t That a Kick in the Head', '02:27', 'Jimmy Van Heusen, Sammy Cahn', 'https://youtu.be/XnggZzpsIYM?si=uufesRlV0P_v-K6J');
INSERT INTO piese (id_piesa, id_album, titlu, durata, compozitor, link_piesa)
VALUES (47, 4, 'They Can''t Take That Away from Me', '03:07', 'George Gershwin, Ira Gershwin', 'https://youtu.be/LPG2XB6FEKk?si=oUmLwtIqgC3uiwrz');
INSERT INTO piese (id_piesa, id_album, titlu, durata, compozitor, link_piesa)
VALUES (48, 4, 'Have You Met Miss Jones?', '02:34', 'Richard Rodgers, Lorenz Hart', 'https://youtu.be/hWNRKmw-KII?si=7f4fK26W7AXkS0Al');
INSERT INTO piese (id_piesa, id_album, titlu, durata, compozitor, link_piesa)
VALUES (49, 4, 'Me and My Shadow', '03:16', 'Dave Dreyer, Al Jolson, Billy Rose', 'https://youtu.be/PWfyj5YO2VM?si=0kfg7QGEnd29Z12l');
INSERT INTO piese (id_piesa, id_album, titlu, durata, compozitor, link_piesa)
VALUES (50, 4, 'Beyond the Sea', '04:30', 'Charles Trenet, Jack Lawrence', 'https://youtu.be/5xsMFbplzOI?si=0DQUy6kcHxzjDIKA');
-- Album 5: Escapology
INSERT INTO piese (id_piesa, id_album, titlu, durata, compozitor, link_piesa)
VALUES (51, 5, 'How Peculiar', '03:14', 'Robbie Williams, Guy Chambers', 'https://youtu.be/fX-Ugj7Dutk?si=_0_96pJjmzIYX4IA');
INSERT INTO piese (id_piesa, id_album, titlu, durata, compozitor, link_piesa)
VALUES (52, 5, 'Feel', '04:24', 'Robbie Williams, Guy Chambers', 'https://youtu.be/B8IuVzHy19o?si=EtytPR-nt3Vm19JU');
INSERT INTO piese (id_piesa, id_album, titlu, durata, compozitor, link_piesa)
VALUES (53, 5, 'Something Beautiful', '04:49', 'Robbie Williams, Guy Chambers', 'https://youtu.be/HTWGsTkntsA?si=H5-cjHcc4IjpdneJ');
INSERT INTO piese (id_piesa, id_album, titlu, durata, compozitor, link_piesa)
VALUES (54, 5, 'Monsoon', '03:47', 'Robbie Williams, Guy Chambers', 'https://youtu.be/V62jBC1n4sE?si=yXKZ9ODDcmKksaFj');
INSERT INTO piese (id_piesa, id_album, titlu, durata, compozitor, link_piesa)
VALUES (55, 5, 'Sexed Up', '04:22', 'Robbie Williams, Guy Chambers', 'https://youtu.be/fzg9HFsFwhc?si=ziIMHvoF5Pco7UnR');
INSERT INTO piese (id_piesa, id_album, titlu, durata, compozitor, link_piesa)
VALUES (56, 5, 'Love Somebody', '04:11', 'Robbie Williams, Guy Chambers', 'https://youtu.be/yMqZFPR_uhA?si=kAxz3czkrDyDhF5V');
INSERT INTO piese (id_piesa, id_album, titlu, durata, compozitor, link_piesa)
VALUES (57, 5, 'Revolution', '05:45', 'Robbie Williams, Ashley Hamilton', 'https://youtu.be/mIHhx3_1zB4?si=H6HJV7dP2Jhe3DNF');
INSERT INTO piese (id_piesa, id_album, titlu, durata, compozitor, link_piesa)
VALUES (58, 5, 'Handsome Man', '03:57', 'Robbie Williams, Guy Chambers', 'https://youtu.be/tC2mrYQrdpE?si=ydOsVzvbCg81WOjV');
INSERT INTO piese (id_piesa, id_album, titlu, durata, compozitor, link_piesa)
VALUES (59, 5, 'Come Undone', '04:39', 'Robbie Williams, Ashley Hamilton, Boots Ottestad, Daniel Pierre', 'https://youtu.be/-fvDv2ltyw0?si=hPuOfaaaBVsdNYKK');
INSERT INTO piese (id_piesa, id_album, titlu, durata, compozitor, link_piesa)
VALUES (60, 5, 'Me and My Monkey', '07:13', 'Robbie Williams, Guy Chambers', 'https://youtu.be/bc-MkFxVsgA?si=-O77dTJcOih14NWo');
INSERT INTO piese (id_piesa, id_album, titlu, durata, compozitor, link_piesa)
VALUES (61, 5, 'Song 3', '03:51', 'Robbie Williams, Guy Chambers', 'https://youtu.be/eFix_zqUqEs?si=5aG087PObaKAoj9s');
INSERT INTO piese (id_piesa, id_album, titlu, durata, compozitor, link_piesa)
VALUES (62, 5, 'Hot Fudge', '04:09', 'Robbie Williams, Guy Chambers', 'https://youtu.be/v3FG8TfG2fo?si=rMmBPsyVtFknGwR-');
INSERT INTO piese (id_piesa, id_album, titlu, durata, compozitor, link_piesa)
VALUES (63, 5, 'Cursed', '04:02', 'Robbie Williams, Guy Chambers', 'https://youtu.be/Aw2OuHUyULc?si=7y_RQyGswydKMNBm');
INSERT INTO piese (id_piesa, id_album, titlu, durata, compozitor, link_piesa)
VALUES (64, 5, 'Nan''s Song', '15:39', 'Robbie Williams', 'https://youtu.be/H5hxbw1JWPE?si=77xcvz8iHFfi_ioA');
-- Album 6: Intensive Care
INSERT INTO piese (id_piesa, id_album, titlu, durata, compozitor, link_piesa)
VALUES (65, 6, 'Ghosts', '03:43', 'Robbie Williams, Stephen Duffy', 'https://youtu.be/CX5YOYnj0TA?si=AyMUqvQ9cwiDRyxN');
INSERT INTO piese (id_piesa, id_album, titlu, durata, compozitor, link_piesa)
VALUES (66, 6, 'Tripping', '04:37', 'Robbie Williams, Stephen Duffy', 'https://youtu.be/k4Q9vZr9eVg?si=OuEtvrx2lDHKv3AM');
INSERT INTO piese (id_piesa, id_album, titlu, durata, compozitor, link_piesa)
VALUES (67, 6, 'Make Me Pure', '04:34', 'Robbie Williams, Stephen Duffy', 'https://youtu.be/lek9igDqY6o?si=JroVSCp9UibRFHX2');
INSERT INTO piese (id_piesa, id_album, titlu, durata, compozitor, link_piesa)
VALUES (68, 6, 'Spread Your Wings', '03:51', 'Robbie Williams, Stephen Duffy', 'https://youtu.be/osR8h8HvLu0?si=Oa0nmthEbtvtylc2');
INSERT INTO piese (id_piesa, id_album, titlu, durata, compozitor, link_piesa)
VALUES (69, 6, 'Advertising Space', '04:38', 'Robbie Williams, Stephen Duffy', 'https://youtu.be/PozVPAfYias?si=3hkd7Njm4RBccrgK');
INSERT INTO piese (id_piesa, id_album, titlu, durata, compozitor, link_piesa)
VALUES (70, 6, 'Please Don''t Die', '04:48', 'Robbie Williams, Stephen Duffy', 'https://youtu.be/wia-8vgpupM?si=Mqtu1JRl-n81_QrL');
INSERT INTO piese (id_piesa, id_album, titlu, durata, compozitor, link_piesa)
VALUES (71, 6, 'Your Gay Friend', '03:22', 'Robbie Williams, Stephen Duffy', 'https://youtu.be/3xlC2JiV0gY?si=ZCueVwRkR3JH_vKQ');
INSERT INTO piese (id_piesa, id_album, titlu, durata, compozitor, link_piesa)
VALUES (72, 6, 'Sin Sin Sin', '04:10', 'Robbie Williams, Stephen Duffy', 'https://youtu.be/BddKodqqohw?si=jCW-ZfIv8vlclQwW');
INSERT INTO piese (id_piesa, id_album, titlu, durata, compozitor, link_piesa)
VALUES (73, 6, 'Random Acts of Kindness', '04:16', 'Robbie Williams, Stephen Duffy', 'https://youtu.be/OTb4d3gWzz0?si=t-OivEj9DWx8ODrs');
INSERT INTO piese (id_piesa, id_album, titlu, durata, compozitor, link_piesa)
VALUES (74, 6, 'The Trouble with Me', '04:21', 'Robbie Williams, Stephen Duffy', 'https://youtu.be/pKVhC_UrFXQ?si=MLd2gNd7yCtB4KTN');
INSERT INTO piese (id_piesa, id_album, titlu, durata, compozitor, link_piesa)
VALUES (75, 6, 'A Place to Crash', '04:35', 'Robbie Williams, Stephen Duffy', 'https://youtu.be/1irrZRE-Kig?si=gqGKAiXzuz0zX1Vq');
INSERT INTO piese (id_piesa, id_album, titlu, durata, compozitor, link_piesa)
VALUES (76, 6, 'King of Bloke and Bird', '06:14', 'Robbie Williams, Stephen Duffy', 'https://youtu.be/H12PfqmK40I?si=js6ShOqsFPhgwKIe');
-- Album 7: Rudebox
INSERT INTO piese (id_piesa, id_album, titlu, durata, compozitor, link_piesa)
VALUES (77, 7, 'Rudebox', '04:45', 'Robbie Williams, Jerry Meehan', 'https://youtu.be/ldPmzftRsIg?si=EXX9R-m5RRx6pAA0');
INSERT INTO piese (id_piesa, id_album, titlu, durata, compozitor, link_piesa)
VALUES (78, 7, 'Viva Life On Mars', '04:51', 'Robbie Williams, Danny Spencer, Kelvin Andrews', 'https://youtu.be/YoClwAMWtXo?si=TNcLx_q8KxH5G0tv');
INSERT INTO piese (id_piesa, id_album, titlu, durata, compozitor, link_piesa)
VALUES (79, 7, 'Lovelight', '04:03', 'Lewis Taylor, Mark Hill', 'https://youtu.be/3gcK4AKtk18?si=_EZ1Pcs4aKtEwoMp');
INSERT INTO piese (id_piesa, id_album, titlu, durata, compozitor, link_piesa)
VALUES (80, 7, 'Bongo Bong And Je Ne T''Aime Plus', '04:49', 'Manu Chao', 'https://youtu.be/Zse5LYR6-yA?si=-eC6E9tLr5aeUJ3T');
INSERT INTO piese (id_piesa, id_album, titlu, durata, compozitor, link_piesa)
VALUES (81, 7, 'She''s Madonna', '04:17', 'Robbie Williams, Neil Tennant, Chris Lowe, Jerry Meehan', 'https://youtu.be/jMH64_VB6Sg?si=QGq6tPvM_ClZ77Ng');
INSERT INTO piese (id_piesa, id_album, titlu, durata, compozitor, link_piesa)
VALUES (82, 7, 'Keep On', '04:19', 'Robbie Williams, Jerry Meehan, Danny Spencer, Kelvin Andrews', 'https://youtu.be/sUNQVhm1yUk?si=wUBy9G1pQFaJy0B6');
INSERT INTO piese (id_piesa, id_album, titlu, durata, compozitor, link_piesa)
VALUES (83, 7, 'Good Doctor', '03:17', 'Robbie Williams, Mark Ronson, Jerry Meehan', 'https://youtu.be/QYwtRgdz1iI?si=SkGiSzVCNUmCJd_Y');
INSERT INTO piese (id_piesa, id_album, titlu, durata, compozitor, link_piesa)
VALUES (84, 7, 'The Actor', '04:07', 'Robbie Williams, Jerry Meehan', 'https://youtu.be/LhC5IvGB9mU?si=SzIrj1mfNkbmOGUj');
INSERT INTO piese (id_piesa, id_album, titlu, durata, compozitor, link_piesa)
VALUES (85, 7, 'Never Touch That Switch', '02:47', 'Robbie Williams, Danny Spencer, Kelvin Andrews', 'https://youtu.be/Vmo3-Mi_GLM?si=6aKR_kol0lDdWHXe');
INSERT INTO piese (id_piesa, id_album, titlu, durata, compozitor, link_piesa)
VALUES (86, 7, 'Louise', '04:47', 'Phil Oakey, Ian Craig Marsh, Martyn Ware', 'https://youtu.be/647kAxS4UcU?si=3Y4vPUCvS2EhxN0U');
INSERT INTO piese (id_piesa, id_album, titlu, durata, compozitor, link_piesa)
VALUES (87, 7, 'We''re The Pet Shop Boys', '04:57', 'Neil Tennant, Chris Lowe', 'https://youtu.be/ROphxnuVxKA?si=2X9NkbgpLyFBsJZI');
INSERT INTO piese (id_piesa, id_album, titlu, durata, compozitor, link_piesa)
VALUES (88, 7, 'Burslem Normals', '03:51', 'Robbie Williams, Stephen Duffy', 'https://youtu.be/RF9Rkg-xePE?si=qs5snzUvPSKGqY6f');
INSERT INTO piese (id_piesa, id_album, titlu, durata, compozitor, link_piesa)
VALUES (89, 7, 'Kiss Me', '03:17', 'Stephen Duffy', 'https://youtu.be/RF9Rkg-xePE?si=BcQLLHARwT3HCXU9');
INSERT INTO piese (id_piesa, id_album, titlu, durata, compozitor, link_piesa)
VALUES (90, 7, 'The 80''s', '04:18', 'Robbie Williams, Stephen Duffy', 'https://youtu.be/g-vCOJ9d2oc?si=Y1PfmW7u8m_8wN3p');
INSERT INTO piese (id_piesa, id_album, titlu, durata, compozitor, link_piesa)
VALUES (91, 7, 'The 90''s', '05:34', 'Robbie Williams, Stephen Duffy', 'https://youtu.be/0_AW-0gEtDA?si=skDDiRlfpa-Jp5Sy');
INSERT INTO piese (id_piesa, id_album, titlu, durata, compozitor, link_piesa)
VALUES (92, 7, 'Summertime', '05:43', 'Robbie Williams, Stephen Duffy', 'https://youtu.be/nDqvnxtfaUI?si=qeqmdSxYjK-Uz0re');
INSERT INTO piese (id_piesa, id_album, titlu, durata, compozitor, link_piesa)
VALUES (93, 7, 'Dickhead', '04:10', 'Robbie Williams, Stephen Duffy', 'https://youtu.be/za2oI72WntA?si=95Xnh4_voh-SByQH');
-- Album 8: Reality Killed The Video Star 
INSERT INTO piese (id_piesa, id_album, titlu, durata, compozitor, link_piesa)
VALUES (94, 8, 'Morning Sun', '04:07', 'Robbie Williams, Kelvin Andrews, Danny Spencer, Richard Scott, Scott Ralph','https://youtu.be/XPaMt-AhgWM?si=GAEkxGRJBA7xAgQO');
INSERT INTO piese (id_piesa, id_album, titlu, durata, compozitor, link_piesa)
VALUES (95, 8, 'Bodies', '04:04', 'Robbie Williams, Craig Russo, Brandon Christy, Richard Spencer', 'https://youtu.be/ucdkr9qy3dw?si=U4-qHx8BceOhJ96g');
INSERT INTO piese (id_piesa, id_album, titlu, durata, compozitor, link_piesa)
VALUES (96, 8, 'You Know Me', '04:22', 'Robbie Williams, Guy Chambers', 'https://youtu.be/38lkkrvJmZY?si=V_wMD5XjI5FTReNl');
INSERT INTO piese (id_piesa, id_album, titlu, durata, compozitor, link_piesa)
VALUES (97, 8, 'Blasphemy', '04:20', 'Robbie Williams, Guy Chambers', 'https://youtu.be/T4JyylNTehQ?si=Sofv5wnax8w1V1BD');
INSERT INTO piese (id_piesa, id_album, titlu, durata, compozitor, link_piesa)
VALUES (98, 8, 'Do You Mind', '04:07', 'Robbie Williams, Kelvin Andrews, Danny Spencer', 'https://youtu.be/wFQSXGLglF0?si=loFEAtcXBvJ5j08l');
INSERT INTO piese (id_piesa, id_album, titlu, durata, compozitor, link_piesa)
VALUES (99, 8, 'Last Days Of Disco', '04:51', 'Robbie Williams, Kelvin Andrews, Danny Spencer', 'https://youtu.be/KXBPWt97rLg?si=B6CGWhMI-6_y7T65');
INSERT INTO piese (id_piesa, id_album, titlu, durata, compozitor, link_piesa)
VALUES (100, 8, 'Somewhere', '01:03', 'Robbie Williams, Brandon Christy', 'https://youtu.be/tXjtrQQCxkg?si=PcXri3w_yzejH3uo');
INSERT INTO piese (id_piesa, id_album, titlu, durata, compozitor, link_piesa)
VALUES (101, 8, 'Deceptacon', '05:02', 'Robbie Williams, Craig Russo, Scott Ralph', 'https://youtu.be/mtl7frU7kKg?si=z6t6RqS4jLSkJeHL');
INSERT INTO piese (id_piesa, id_album, titlu, durata, compozitor, link_piesa)
VALUES (102, 8, 'Starstruck', '05:22', 'Robbie Williams, Kelvin Andrews, Danny Spencer', 'https://youtu.be/GOg5cCve8J4?si=acO2oOUfs_412qbv');
INSERT INTO piese (id_piesa, id_album, titlu, durata, compozitor, link_piesa)
VALUES (103, 8, 'Difficult For Weirdos', '04:30', 'Robbie Williams, Guy Chambers', 'https://youtu.be/GOg5cCve8J4?si=ITShX5GUnYi56Q3u');
INSERT INTO piese (id_piesa, id_album, titlu, durata, compozitor, link_piesa)
VALUES (104, 8, 'Superblind', '04:47', 'Robbie Williams, Kelvin Andrews, Danny Spencer', 'https://youtu.be/15HtKs_iewQ?si=bvWXzRmDOYP0jEDa');
INSERT INTO piese (id_piesa, id_album, titlu, durata, compozitor, link_piesa)
VALUES (105, 8, 'Won''t Do That', '03:39', 'Robbie Williams, Guy Chambers', 'https://youtu.be/ri4An3VJt6I?si=suJrm1jJdDAOJtGM');
INSERT INTO piese (id_piesa, id_album, titlu, durata, compozitor, link_piesa)
VALUES (106, 8, 'Morning Sun Reprise', '01:24', 'Robbie Williams, Kelvin Andrews, Danny Spencer, Richard Scott, Scott Ralph', 'https://youtu.be/hvL4l9ZmkLQ?si=6WqQd1kLV0qr6sha');
-- Album 9: Take the Crown 
INSERT INTO piese (id_piesa, id_album, titlu, durata, compozitor, link_piesa)
VALUES (107, 9, 'Be A Boy', '04:41', 'Robbie Williams, Tim Metcalfe, Flynn Francis', 'https://youtu.be/7szxOOB_bhc?si=-EZ599hwEjEeoYUO');
INSERT INTO piese (id_piesa, id_album, titlu, durata, compozitor, link_piesa)
VALUES (108, 9, 'Gospel', '04:23', 'Robbie Williams, Tim Metcalfe, Flynn Francis', 'https://youtu.be/E0_oTRzSIBQ?si=ol1b2CqJJUw2XEP3');
INSERT INTO piese (id_piesa, id_album, titlu, durata, compozitor, link_piesa)
VALUES (109, 9, 'Candy', '03:22', 'Robbie Williams, Gary Barlow, Terje Olsen', 'https://youtu.be/MX2RVM1TX2U?si=zHu-CfCXoJY7xL5z');
INSERT INTO piese (id_piesa, id_album, titlu, durata, compozitor, link_piesa)
VALUES (110, 9, 'Different', '04:52', 'Robbie Williams, Tim Metcalfe, Flynn Francis', 'https://youtu.be/mgBTJoAhnpw?si=LlXw0IF9ULl1_MxL');
INSERT INTO piese (id_piesa, id_album, titlu, durata, compozitor, link_piesa)
VALUES (111, 9, 'Shit On The Radio', '02:51', 'Robbie Williams, Tim Metcalfe, Flynn Francis', 'https://youtu.be/Stl_g_m6PsY?si=DnHMjyhyNCSXSkEy');
INSERT INTO piese (id_piesa, id_album, titlu, durata, compozitor, link_piesa)
VALUES (112, 9, 'All That I Want', '03:29', 'Robbie Williams, Tim Metcalfe, Flynn Francis', 'https://youtu.be/IIg9dl_huNA?si=SELZLg9Z0pfJ1kzM');
INSERT INTO piese (id_piesa, id_album, titlu, durata, compozitor, link_piesa)
VALUES (113, 9, 'Hunting For You', '03:59', 'Robbie Williams, Tim Metcalfe, Flynn Francis', 'https://youtu.be/CQrH7h-yKz0?si=4XszPtBohLxiegr2');
INSERT INTO piese (id_piesa, id_album, titlu, durata, compozitor, link_piesa)
VALUES (114, 9, 'Into The Silence', '04:50', 'Robbie Williams, Tim Metcalfe, Flynn Francis', 'https://youtu.be/c_8LK2TtylU?si=-v2-7Rq_O9Nsk2fq');
INSERT INTO piese (id_piesa, id_album, titlu, durata, compozitor, link_piesa)
VALUES (115, 9, 'Hey Wow Yeah Yeah', '02:53', 'Robbie Williams, Tim Metcalfe, Flynn Francis', 'https://youtu.be/AglxtIFk51Y?si=MRxDRfcIPMhTCfjX');
INSERT INTO piese (id_piesa, id_album, titlu, durata, compozitor, link_piesa)
VALUES (116, 9, 'Not Like The Others', '04:17', 'Robbie Williams, Tim Metcalfe, Flynn Francis', 'https://youtu.be/AglxtIFk51Y?si=unUgAS0ZOMAf7ogl');
INSERT INTO piese (id_piesa, id_album, titlu, durata, compozitor, link_piesa)
VALUES (117, 9, 'Losers', '04:10', 'Robbie Williams, Tim Metcalfe, Flynn Francis, Lissie', 'https://youtu.be/Gp7kmbqOaBo?si=_A7olYR15J0-ga1n');
-- Album 10: Swings Both Ways
INSERT INTO piese (id_piesa, id_album, titlu, durata, compozitor, link_piesa)
VALUES (118, 10, 'Shine My Shoes', '03:25', 'Robbie Williams, Guy Chambers, Chris Heath', 'https://youtu.be/w532zKI_KVw?si=KHpxiy6atMh_v31g');
INSERT INTO piese (id_piesa, id_album, titlu, durata, compozitor, link_piesa)
VALUES (119, 10, 'Go Gentle', '04:32', 'Robbie Williams, Guy Chambers', 'https://youtu.be/2kTsydhbQKQ?si=jf5VEzp8aW2c_CsP');
INSERT INTO piese (id_piesa, id_album, titlu, durata, compozitor, link_piesa)
VALUES (120, 10, 'I Wan''na Be Like You', '03:32', 'Richard M. Sherman, Robert B. Sherman', 'https://youtu.be/jXIlK-xy-q8?si=_vrVvKQOA3-JFUiJ');
INSERT INTO piese (id_piesa, id_album, titlu, durata, compozitor, link_piesa)
VALUES (121, 10, 'Swing Supreme', '03:18', 'Robbie Williams, Guy Chambers', 'https://youtu.be/6p9yz_5nzW8?si=rmDArSmDW-mvukW8');
INSERT INTO piese (id_piesa, id_album, titlu, durata, compozitor, link_piesa)
VALUES (122, 10, 'Swings Both Ways', '03:59', 'Robbie Williams, Guy Chambers', 'https://youtu.be/o163Do3WXqw?si=ZODR4tyjLSUYmHf0');
INSERT INTO piese (id_piesa, id_album, titlu, durata, compozitor, link_piesa)
VALUES (123, 10, 'Dream A Little Dream', '03:34', 'Fabian Andre, Wilbur Schwandt, Gus Kahn', 'https://youtu.be/R3C_z9UO-gA?si=hJ-JIp_SQ9tJmoPC');
INSERT INTO piese (id_piesa, id_album, titlu, durata, compozitor, link_piesa)
VALUES (124, 10, 'Soda Pop', '03:20', 'Robbie Williams, Guy Chambers', 'https://youtu.be/Bf6SnM6M8fQ?si=ts6GKfLF5TPjsEPw');
INSERT INTO piese (id_piesa, id_album, titlu, durata, compozitor, link_piesa)
VALUES (125, 10, 'Snowblind', '03:20', 'Robbie Williams, Guy Chambers', 'https://youtu.be/jcA-nCtBIz8?si=K84yjsP1LcUCWiTA');
INSERT INTO piese (id_piesa, id_album, titlu, durata, compozitor, link_piesa)
VALUES (126, 10, 'Puttin'' On The Ritz', '02:33', 'Irving Berlin', 'https://youtu.be/xCuPl021Nt0?si=1bxqj6b2ZzmU5m3Y');
INSERT INTO piese (id_piesa, id_album, titlu, durata, compozitor, link_piesa)
VALUES (127, 10, 'Little Green Apples', '03:17', 'Bobby Russell', 'https://youtu.be/rtrZfRaGlbA?si=Jfd0nNG1Xkr2aiWp');
INSERT INTO piese (id_piesa, id_album, titlu, durata, compozitor, link_piesa)
VALUES (128, 10, 'Minnie The Moocher', '03:42', 'Cab Calloway, Irving Mills, Clarence Gaskill', 'https://youtu.be/VN8R64QfDf0?si=ozbH51yXJwXCk9no');
INSERT INTO piese (id_piesa, id_album, titlu, durata, compozitor, link_piesa)
VALUES (129, 10, 'If I Only Had A Brain', '03:53', 'Harold Arlen, E.Y. Harburg', 'https://youtu.be/Bz4TqXW7XkM?si=8aEw8U078fSEW6qP');
INSERT INTO piese (id_piesa, id_album, titlu, durata, compozitor, link_piesa)
VALUES (130, 10, 'No One Likes A Fat Pop Star', '02:53', 'Robbie Williams, Guy Chambers', 'https://youtu.be/UXFOgk3i7tw?si=hAWYptunW4G1jmMe');
INSERT INTO piese (id_piesa, id_album, titlu, durata, compozitor, link_piesa)
VALUES (131, 10, 'Where There''s Muck', '04:10', 'Robbie Williams, Guy Chambers', 'https://youtu.be/3AP-25m-8Tc?si=1D4eaa6tJWs58y_g');
INSERT INTO piese (id_piesa, id_album, titlu, durata, compozitor, link_piesa)
VALUES (132, 10, '16 Tons', '02:37', 'Merle Travis', 'https://youtu.be/5mPt-jrLl58?si=SAAtBsNXQmZQzw40');
INSERT INTO piese (id_piesa, id_album, titlu, durata, compozitor, link_piesa)
VALUES (133, 10, 'Wedding Bells', '04:38', 'Robbie Williams, Guy Chambers', 'https://youtu.be/kS_EiSFegqA?si=dUo2w9S8o6N6i3cq');
-- Album 11: Under The Radar Vol. 1
INSERT INTO piese (id_piesa, id_album, titlu, durata, compozitor, link_piesa)
VALUES (134, 11, 'Bully', '03:22', 'Robbie Williams', 'https://youtu.be/SjzQdedJKK0?si=ovlxGavoKzpJuMZl');
INSERT INTO piese (id_piesa, id_album, titlu, durata, compozitor, link_piesa)
VALUES (135, 11, 'Raver', '03:56', 'Robbie Williams', 'https://youtu.be/Tk6Prp2lIfQ?si=TUPb0RoUCNzppc8d');
INSERT INTO piese (id_piesa, id_album, titlu, durata, compozitor, link_piesa)
VALUES (136, 11, 'H.E.S.', '03:39', 'Robbie Williams', 'https://youtu.be/VRPFBYbWS54?si=HFlh74gIOiO5NTqu');
INSERT INTO piese (id_piesa, id_album, titlu, durata, compozitor, link_piesa)
VALUES (137, 11, 'The Edge', '04:08', 'Robbie Williams', 'https://youtu.be/jpBw78HNhCg?si=xmmmALAqzldO1g-3');
INSERT INTO piese (id_piesa, id_album, titlu, durata, compozitor, link_piesa)
VALUES (138, 11, 'All Climb On', '04:36', 'Robbie Williams', 'https://youtu.be/vsAyQKsuKkE?si=O6QOEYTCygGK6TB9');
INSERT INTO piese (id_piesa, id_album, titlu, durata, compozitor, link_piesa)
VALUES (139, 11, 'Surrender', '04:07', 'Robbie Williams', 'https://youtu.be/zKBU6j4Q5EU?si=Zmv8-HWIw3TNXer8');
INSERT INTO piese (id_piesa, id_album, titlu, durata, compozitor, link_piesa)
VALUES (140, 11, 'Love Is You', '03:45', 'Robbie Williams', 'https://youtu.be/0t7zCapvooU?si=iga1cdGbl8xPfaFp');
INSERT INTO piese (id_piesa, id_album, titlu, durata, compozitor, link_piesa)
VALUES (141, 11, 'The Cure', '04:10', 'Robbie Williams', 'https://youtu.be/rZE6PbOyiwo?si=QAXAyeXPxgkpNW3R');
INSERT INTO piese (id_piesa, id_album, titlu, durata, compozitor, link_piesa)
VALUES (142, 11, 'The Pilot', '03:51', 'Robbie Williams', 'https://youtu.be/Jdj4qtH0oik?si=3EEn4ZMChvD2t83g');
INSERT INTO piese (id_piesa, id_album, titlu, durata, compozitor, link_piesa)
VALUES (143, 11, 'The BRITs', '04:50', 'Robbie Williams', 'https://youtu.be/uR_44jUq4KM?si=fAdFQtuhfWQCDyv1');
INSERT INTO piese (id_piesa, id_album, titlu, durata, compozitor, link_piesa)
VALUES (144, 11, 'National Treasure', '08:49', 'Robbie Williams', 'https://youtu.be/xIN08MAhc7I?si=AgNCOJTANYrAcLgf');
INSERT INTO piese (id_piesa, id_album, titlu, durata, compozitor, link_piesa)
VALUES (145, 11, 'Super Tony', '03:24', 'Robbie Williams', 'https://youtu.be/l6dumPl2dr8?si=EmgA3tRtJzZqsOnz');
INSERT INTO piese (id_piesa, id_album, titlu, durata, compozitor, link_piesa)
VALUES (146, 11, 'Greenlight', '03:35', 'Robbie Williams', 'https://youtu.be/BlqanNsIR7E?si=fIFGci_XuLXcW4KX');
INSERT INTO piese (id_piesa, id_album, titlu, durata, compozitor, link_piesa)
VALUES (147, 11, 'Bullet', '03:49', 'Robbie Williams', 'https://youtu.be/n5b_smaVSzY?si=t-2r6QQ_MhtYiT2V');
-- Album 12: The Heavy Entertainment Show
INSERT INTO piese (id_piesa, id_album, titlu, durata, compozitor, link_piesa)
VALUES (148, 12, 'The Heavy Entertainment Show', '03:23', 'Robbie Williams, Guy Chambers, John Shanks', 'https://youtu.be/A5VFbgB9WbY?si=2zWWbEu7Kr0Vi8rR');
INSERT INTO piese (id_piesa, id_album, titlu, durata, compozitor, link_piesa)
VALUES (149, 12, 'Party Like a Russian', '03:03', 'Robbie Williams, Guy Chambers, Chris Heath', 'https://youtu.be/cMO-djZfRLg?si=s1TTZDjQnUBDaY4J');
INSERT INTO piese (id_piesa, id_album, titlu, durata, compozitor, link_piesa)
VALUES (150, 12, 'Mixed Signals', '03:59', 'Robbie Williams, Guy Chambers', 'https://youtu.be/1xASJBk0Lts?si=PrPmcWahx8uS1n0g');
INSERT INTO piese (id_piesa, id_album, titlu, durata, compozitor, link_piesa)
VALUES (151, 12, 'Love My Life', '03:29', 'Robbie Williams, Guy Chambers', 'https://youtu.be/ITJPzv_P1EI?si=CxLUisfMO3tZ72-Y');
INSERT INTO piese (id_piesa, id_album, titlu, durata, compozitor, link_piesa)
VALUES (152, 12, 'Motherfucker', '04:18', 'Robbie Williams, Guy Chambers, Chris Heath', 'https://youtu.be/7_7jx3iTA9k?si=ngEzovnzILex3MjW');
INSERT INTO piese (id_piesa, id_album, titlu, durata, compozitor, link_piesa)
VALUES (153, 12, 'Bruce Lee', '03:14', 'Robbie Williams, Guy Chambers', 'https://youtu.be/KX7MEGPQbcA?si=IPogYVzVt3UEHfki');
INSERT INTO piese (id_piesa, id_album, titlu, durata, compozitor, link_piesa)
VALUES (154, 12, 'Sensitive', '03:17', 'Robbie Williams, Guy Chambers', 'https://youtu.be/RUxEXhu1Xzs?si=VN8vD8nY9C94Wuf-');
INSERT INTO piese (id_piesa, id_album, titlu, durata, compozitor, link_piesa)
VALUES (155, 12, 'David''s Song', '04:15', 'Robbie Williams, Guy Chambers', 'https://youtu.be/kit3dKJi_zY?si=TmzE4RIGxjqJf4q3');
INSERT INTO piese (id_piesa, id_album, titlu, durata, compozitor, link_piesa)
VALUES (156, 12, 'Pretty Woman', '02:56', 'Robbie Williams, Guy Chambers', 'https://youtu.be/0rzzdthJcB4?si=txTckOYL5wSGqrJn');
INSERT INTO piese (id_piesa, id_album, titlu, durata, compozitor, link_piesa)
VALUES (157, 12, 'Hotel Crazy', '04:26', 'Robbie Williams, Guy Chambers', 'https://youtu.be/kO_3zgEvz7g?si=OF70mIHbau74EAxF');
INSERT INTO piese (id_piesa, id_album, titlu, durata, compozitor, link_piesa)
VALUES (158, 12, 'Sensational', '03:48', 'Robbie Williams, Guy Chambers', 'https://youtu.be/uCGCkz890ys?si=sb0d4ftQhfruZrN0');
INSERT INTO piese (id_piesa, id_album, titlu, durata, compozitor, link_piesa)
VALUES (159, 12, 'When You Know', '04:21', 'Robbie Williams, Guy Chambers', 'https://youtu.be/CrxUUwkHUu8?si=zZ2hnl6AS_asxs7B');
INSERT INTO piese (id_piesa, id_album, titlu, durata, compozitor, link_piesa)
VALUES (160, 12, 'Time on Earth', '04:52', 'Robbie Williams, Guy Chambers, Chris Heath', 'https://youtu.be/AJod-owySH4?si=yCZkuUrIWmPxIXsG');
INSERT INTO piese (id_piesa, id_album, titlu, durata, compozitor, link_piesa)
VALUES (161, 12, 'I Don''t Want to Hurt You', '04:19', 'Robbie Williams, Guy Chambers', 'https://youtu.be/A6s1R4Eb6Yc?si=QRgNDtY6-4IdhZYT');
INSERT INTO piese (id_piesa, id_album, titlu, durata, compozitor, link_piesa)
VALUES (162, 12, 'Best Intentions', '03:45', 'Robbie Williams, Guy Chambers', 'https://youtu.be/c0Lj8Qd4hdU?si=3TbOHRNKfv7j9OcQ');
INSERT INTO piese (id_piesa, id_album, titlu, durata, compozitor, link_piesa)
VALUES (163, 12, 'Marry Me', '03:54', 'Robbie Williams, Guy Chambers', 'https://youtu.be/t_bSe0bx-pQ?si=QPOTmcMryR6kZMyS');
-- Album 13: Under The Radar Vol. 2
INSERT INTO piese (id_piesa, id_album, titlu, durata, compozitor, link_piesa)
VALUES (164, 13, 'Satellites', '04:06', 'Robbie Williams, Stuart Price', 'https://youtu.be/nsCnC7vc00A?si=47r1LlWJ_BrEnFES');
INSERT INTO piese (id_piesa, id_album, titlu, durata, compozitor, link_piesa)
VALUES (165, 13, '9 to 5', '03:40', 'Dolly Parton', 'https://youtu.be/dt_Qdoz0QLA?si=oVxjxoF_Dl0A0aAR');
INSERT INTO piese (id_piesa, id_album, titlu, durata, compozitor, link_piesa)
VALUES (166, 13, 'Ms Pepper', '04:02', 'Robbie Williams, Timothy Metcalfe, Flynn Francis', 'https://youtu.be/n7ziwxANsuU?si=Yoh2aBDRunTxDW2n');
INSERT INTO piese (id_piesa, id_album, titlu, durata, compozitor, link_piesa)
VALUES (167, 13, 'Bambi', '03:21', 'Robbie Williams, Timothy Metcalfe, Piers Baron', 'https://youtu.be/iDpgRm2juY8?si=N6mGoPeHhyi5pGVo');
INSERT INTO piese (id_piesa, id_album, titlu, durata, compozitor, link_piesa)
VALUES (168, 13, 'Eyes on the Highway', '04:22', 'Robbie Williams, Timothy Metcalfe, Piers Baron', 'https://youtu.be/aeVKzudc__c?si=GA5_RI7EvimqxxbI');
INSERT INTO piese (id_piesa, id_album, titlu, durata, compozitor, link_piesa)
VALUES (169, 13, 'Speaking Tongues', '03:37', 'Robbie Williams, Johnny McDaid, Ellis Taylor', 'https://youtu.be/GtwFCnylQB0?si=vKZCBXv02ulZcRwB');
INSERT INTO piese (id_piesa, id_album, titlu, durata, compozitor, link_piesa)
VALUES (170, 13, 'Go Mental', '03:28', 'Robbie Williams, Stuart Price, Tyrone Lindo', 'https://youtu.be/1T93qgGZRPk?si=lDzwWErFM8m6htq6');
INSERT INTO piese (id_piesa, id_album, titlu, durata, compozitor, link_piesa)
VALUES (171, 13, 'Run It Wild', '03:42', 'Robbie Williams, Timothy Metcalfe, Flynn Francis, Phillip Steinke', 'https://youtu.be/UtVr4QaYTxk?si=zRTbk3enLcfOLzjx');
INSERT INTO piese (id_piesa, id_album, titlu, durata, compozitor, link_piesa)
VALUES (172, 13, 'Numb', '04:02', 'Robbie Williams, Steve Robson, Ed Drewett', 'https://youtu.be/C3Kw5dQ_wmI?si=Cq1EYdVBQqr3Neik');
INSERT INTO piese (id_piesa, id_album, titlu, durata, compozitor, link_piesa)
VALUES (173, 13, 'Andy Warhol', '03:59', 'Robbie Williams, Karl Brazil, Ben Castle', 'https://youtu.be/8EMFEGhi40c?si=BFwioBfIsD4CVXOD');
INSERT INTO piese (id_piesa, id_album, titlu, durata, compozitor, link_piesa)
VALUES (174, 13, 'My Fuck You to You', '03:42', 'Robbie Williams, Fil Eisler', 'https://youtu.be/LFRZoMpaHDs?si=Kc7UCXwQGDWT_4VL');
INSERT INTO piese (id_piesa, id_album, titlu, durata, compozitor, link_piesa)
VALUES (175, 13, 'Weakness', '04:15', 'Robbie Williams, Gary Barlow', 'https://youtu.be/LN3zA_AxT18?si=FV7iHfeEuSnoKlZV');
INSERT INTO piese (id_piesa, id_album, titlu, durata, compozitor, link_piesa)
VALUES (176, 13, 'Booty Call', '02:56', 'Robbie Williams, Richard Scott, Kelvin Andrews, Scott Ralph, Danny Spencer', 'https://youtu.be/RzTL0lDBJtg?si=agDQSneISwf08v-T');
INSERT INTO piese (id_piesa, id_album, titlu, durata, compozitor, link_piesa)
VALUES (177, 13, 'On the Fence', '03:06', 'Robbie Williams, Richard Scott, Kelvin Andrews, Scott Ralph', 'https://youtu.be/3NMHFzqJiss?si=1EMn3srfNUUt1Vpv');
INSERT INTO piese (id_piesa, id_album, titlu, durata, compozitor, link_piesa)
VALUES (178, 13, 'International Entertainment', '03:21', 'Robbie Williams, Timothy Metcalfe, Piers Baron', 'https://youtu.be/Cvs_62ckcEs?si=u8l88kPP95Vein6E');
-- Album 14: Under The Radar Vol.3
INSERT INTO piese (id_piesa, id_album, titlu, durata, compozitor, link_piesa)
VALUES (179, 14, 'The Impossible', '04:35', 'Robbie Williams', 'https://youtu.be/FKoHAFc-N5E?si=p4QSXAElxs3eLXYY');
INSERT INTO piese (id_piesa, id_album, titlu, durata, compozitor, link_piesa)
VALUES (180, 14, 'Gold', '03:58', 'Robbie Williams', 'https://youtu.be/ONK8wxxQEoc?si=_jgLCrYIcx8-AP1D');
INSERT INTO piese (id_piesa, id_album, titlu, durata, compozitor, link_piesa)
VALUES (181, 14, 'Good People', '04:31', 'Robbie Williams', 'https://youtu.be/Q4PMEWXJe6s?si=yu1U3_bDE8Ywpohp');
INSERT INTO piese (id_piesa, id_album, titlu, durata, compozitor, link_piesa)
VALUES (182, 14, 'Dirty Rotten', '03:36', 'Robbie Williams', 'https://youtu.be/aV_AzY7U4Gs?si=8F3REuRfyU4rHEet');
INSERT INTO piese (id_piesa, id_album, titlu, durata, compozitor, link_piesa)
VALUES (183, 14, 'Indestructible', '04:08', 'Robbie Williams', 'https://youtu.be/TTWVbtJp7fo?si=qud2m0aiL8POMyDD');
INSERT INTO piese (id_piesa, id_album, titlu, durata, compozitor, link_piesa)
VALUES (184, 14, 'No F**ks', '03:36', 'Robbie Williams', 'https://youtu.be/q67zfoycsI4?si=t7HDsf2saYLgX5q8');
INSERT INTO piese (id_piesa, id_album, titlu, durata, compozitor, link_piesa)
VALUES (185, 14, 'Underkill', '03:36', 'Robbie Williams', 'https://youtu.be/R7jWfbRubgo?si=BWb6zlGe8pyVlq1g');
INSERT INTO piese (id_piesa, id_album, titlu, durata, compozitor, link_piesa)
VALUES (186, 14, 'Bye Bye', '03:40', 'Robbie Williams', 'https://youtu.be/yYuzcMo-lWo?si=GnYfLP-x9pAtoyfu');
INSERT INTO piese (id_piesa, id_album, titlu, durata, compozitor, link_piesa)
VALUES (187, 14, 'Reality Killed The Video Star', '03:30', 'Robbie Williams', 'https://youtu.be/-XNKfuYJNC8?si=Ting3rX9ubca6Qmv');
INSERT INTO piese (id_piesa, id_album, titlu, durata, compozitor, link_piesa)
VALUES (188, 14, 'I Just Want People To Like Me', '03:14', 'Robbie Williams', 'https://youtu.be/WrJGQNicrLk?si=7xIbA9L_1L-PwBrr');
INSERT INTO piese (id_piesa, id_album, titlu, durata, compozitor, link_piesa)
VALUES (189, 14, 'Hunting For You (Acoustic)', '03:35', 'Robbie Williams', 'https://youtu.be/iPoZFcK9adE?si=HcQNW7GiDJ1LIvnk');
INSERT INTO piese (id_piesa, id_album, titlu, durata, compozitor, link_piesa)
VALUES (190, 14, 'Into The Silence (Ambient Mix)', '04:15', 'Robbie Williams', 'https://youtu.be/5yEsKP7ML4I?si=tHQ2zZtDtO5dd0h6');
INSERT INTO piese (id_piesa, id_album, titlu, durata, compozitor, link_piesa)
VALUES (191, 14, 'The National Anthem of Robbie', '02:40', 'Robbie Williams', 'https://youtu.be/Hq0yNt_h38U?si=29gIbWE_4mx2v3yW');
-- Album 15 : The Christmas Present
INSERT INTO piese (id_piesa, id_album, titlu, durata, compozitor, link_piesa) VALUES (192, 15, 'Can’t Stop Christmas', '03:24', 'Robbie Williams', 'https://youtu.be/BW4nXP9N7Fg?si=6ng7TRzOFwMk8ccx');
INSERT INTO piese (id_piesa, id_album, titlu, durata, compozitor, link_piesa) VALUES (193, 15, 'Winter Wonderland', '02:20', 'Robbie Williams', 'https://youtu.be/PA9GueR5rfc?si=fFCNPc4PGtNHYrjZ');
INSERT INTO piese (id_piesa, id_album, titlu, durata, compozitor, link_piesa) VALUES (194, 15, 'Let It Snow', '01:58', 'Robbie Williams', 'https://youtu.be/sgDlTCMhIak?si=oSSwmjNy4u8FUg7d');
INSERT INTO piese (id_piesa, id_album, titlu, durata, compozitor, link_piesa) VALUES (195, 15, 'Merry Xmas Everybody ft. Jamie Cullum', '03:49', 'Robbie Williams, Jamie Cullum', 'https://youtu.be/mwYpoqP_V9Q?si=VYmBxETt5skQn9-N');
INSERT INTO piese (id_piesa, id_album, titlu, durata, compozitor, link_piesa) VALUES (196, 15, 'The Christmas Song (Chestnuts roasting on an open fire)', '03:13', 'Mel Tormé, Bob Wells', 'https://youtu.be/6pRSl7c1HS4?si=_Oogwo7-CX_ROxa9');
INSERT INTO piese (id_piesa, id_album, titlu, durata, compozitor, link_piesa) VALUES (197, 15, 'Cocos Christmas Lullaby', '02:56', 'Robbie Williams', 'https://youtu.be/G0OSTc3jSuI?si=z9m8DZdjDu05Drjm');
INSERT INTO piese (id_piesa, id_album, titlu, durata, compozitor, link_piesa) VALUES (198, 15, 'Rudolph', '03:38', 'Robbie Williams', 'https://youtu.be/PsalVNNSNsY?si=tdXQ43JakIE0CfL4');
INSERT INTO piese (id_piesa, id_album, titlu, durata, compozitor, link_piesa) VALUES (199, 15, 'Yeah! It''s Christmas', '02:49', 'Robbie Williams', 'https://youtu.be/sy8Q4LB4SaM?si=JnFdaWZKVT70Wr8z');
INSERT INTO piese (id_piesa, id_album, titlu, durata, compozitor, link_piesa) VALUES (200, 15, 'It''s A Wonderful Life ft. Poppa Pete', '02:52', 'Robbie Williams, Poppa Pete', 'https://youtu.be/1XIZJlCmkkI?si=-CKLcOln8pD40i5N');
INSERT INTO piese (id_piesa, id_album, titlu, durata, compozitor, link_piesa) VALUES (201, 15, 'Let''s Not Go Shopping', '03:10', 'Robbie Williams', 'https://youtu.be/EVYc83uQGJw?si=PwPG5ck10igRxeg2');
INSERT INTO piese (id_piesa, id_album, titlu, durata, compozitor, link_piesa) VALUES (202, 15, 'Santa Baby ft. Helene Fischer', '03:28', 'Joan Javits, Philip Springer, Tony Springer', 'https://youtu.be/h2rQg6IIPmo?si=OEl3KTSRHI7U8Z6m');
INSERT INTO piese (id_piesa, id_album, titlu, durata, compozitor, link_piesa) VALUES (203, 15, 'Best Christmas Ever', '03:46', 'Robbie Williams', 'https://youtu.be/uctDljGluSI?si=2oF3uAZS4A0dV2qE');
INSERT INTO piese (id_piesa, id_album, titlu, durata, compozitor, link_piesa) VALUES (204, 15, 'One Last Christmas', '03:34', 'Robbie Williams', 'https://youtu.be/4IRN5KqDwLA?si=7vlMP4QlyTOkTsCa');
INSERT INTO piese (id_piesa, id_album, titlu, durata, compozitor, link_piesa) VALUES (205, 15, 'Coco’s Christmas Lullaby Reprise', '01:18', 'Robbie Williams', 'https://youtu.be/aox1gvdDgmU?si=C2nTRnaOpLAo3wl5');
INSERT INTO piese (id_piesa, id_album, titlu, durata, compozitor, link_piesa) VALUES (206, 15, 'Time For Change', '03:36', 'Robbie Williams', 'https://youtu.be/vqbbQvfooLM?si=rhZnszWDUyH1Al4b');
INSERT INTO piese (id_piesa, id_album, titlu, durata, compozitor, link_piesa) VALUES (207, 15, 'Idlewild', '04:09', 'Robbie Williams', 'https://youtu.be/XvneeYVDQew?si=pRd2_L4ws1s3BCD1');
INSERT INTO piese (id_piesa, id_album, titlu, durata, compozitor, link_piesa) VALUES (208, 15, 'Darkest Night', '03:20', 'Robbie Williams', 'https://youtu.be/bTCrcri5O3s?si=vyrj2AWhGyKJCD3H');
INSERT INTO piese (id_piesa, id_album, titlu, durata, compozitor, link_piesa) VALUES (209, 15, 'Fairytales ft. Rod Stewart', '03:34', 'Rod Stewart, Robbie Williams', 'https://youtu.be/E7TMrryX3uw?si=MkZut8tjDfod7elj');
INSERT INTO piese (id_piesa, id_album, titlu, durata, compozitor, link_piesa) VALUES (210, 15, 'Christmas (Baby Please Come Home) ft. Bryan Adams', '02:42', 'Jeff Barry, Ellie Greenwich, Phil Spector', 'https://youtu.be/MdkbKX0oI1Y?si=D3zuyxtpIYz2MNVH');
INSERT INTO piese (id_piesa, id_album, titlu, durata, compozitor, link_piesa) VALUES (211, 15, 'Bad Sharon ft. Tyson Fury', '03:40', 'Robbie Williams, Tyson Fury', 'https://youtu.be/33893SFfjUs?si=2orwV0tNQnpHIt3K');
INSERT INTO piese (id_piesa, id_album, titlu, durata, compozitor, link_piesa) VALUES (212, 15, 'Happy Birthday Jesus', '03:16', 'Robbie Williams', 'https://youtu.be/_lezqLKNW3M?si=hSxB0NrY-qJ4aIhL');
INSERT INTO piese (id_piesa, id_album, titlu, durata, compozitor, link_piesa) VALUES (213, 15, 'New Year''s Day', '03:42', 'Robbie Williams', 'https://youtu.be/nlLXZ_cyFBs?si=HcVXLELcoAFBmuk1');
INSERT INTO piese (id_piesa, id_album, titlu, durata, compozitor, link_piesa) VALUES (214, 15, 'Snowflakes', '03:42', 'Robbie Williams', 'https://youtu.be/OU9xtsmvkmc?si=XKituJo4_XpOTKlu');
INSERT INTO piese (id_piesa, id_album, titlu, durata, compozitor, link_piesa) VALUES (215, 15, 'Home', '04:11', 'Robbie Williams', 'https://youtu.be/kBTTvoioIyg?si=BKspB-wHxIyuNa-F');
INSERT INTO piese (id_piesa, id_album, titlu, durata, compozitor, link_piesa) VALUES (216, 15, 'Soul Transmission', '04:15', 'Robbie Williams', 'https://youtu.be/LfilkxCL9-o?si=O7F2QeCFkBFDL1ER');
INSERT INTO piese (id_piesa, id_album, titlu, durata, compozitor, link_piesa) VALUES (217, 15, 'I Believe in Father Christmas', '03:11', 'Greg Lake', 'https://youtu.be/-s7_068IBUw?si=lexw4aKoRUFUErdX');
INSERT INTO piese (id_piesa, id_album, titlu, durata, compozitor, link_piesa) VALUES (218, 15, 'Not Christmas', '03:26', 'Robbie Williams', 'https://youtu.be/SXUTTdQN3Dk?si=eSLyJ2xqCweMbu4V');
INSERT INTO piese (id_piesa, id_album, titlu, durata, compozitor, link_piesa) VALUES (219, 15, 'Merry Kissmas', '02:43', 'Robbie Williams', 'https://youtu.be/eFYx2k_fUNU?si=rM55U0cUBVdG_7SV');
INSERT INTO piese (id_piesa, id_album, titlu, durata, compozitor, link_piesa) VALUES (220, 15, 'It Takes Two ft. Rod Stewart', '03:53', 'Rod Stewart, Robbie Williams', 'https://youtu.be/ozNY-fHdA_M?si=W2B2FK2umivlx5Lf');
-- Album 16 : XXV
INSERT INTO piese (id_piesa, id_album, titlu, durata, compozitor, link_piesa) VALUES (221, 16, 'Let Me Entertain You (XXV)', '03:39', 'Robbie Williams', 'https://youtu.be/5HCDCqRMH4w?si=kVUCXmQ7vuoOMFJT');
INSERT INTO piese (id_piesa, id_album, titlu, durata, compozitor, link_piesa) VALUES (222, 16, 'Come Undone (XXV)', '04:19', 'Robbie Williams', 'https://youtu.be/kmf48BKCnwk?si=AdRu07klGYdBCS3y');
INSERT INTO piese (id_piesa, id_album, titlu, durata, compozitor, link_piesa) VALUES (223, 16, 'Love My Life (XXV)', '03:26', 'Robbie Williams', 'https://youtu.be/78_o7wmIFWU?si=NcGnlJmXhisUGwIm');
INSERT INTO piese (id_piesa, id_album, titlu, durata, compozitor, link_piesa) VALUES (224, 16, 'Millennium (XXV)', '03:50', 'Robbie Williams', 'https://youtu.be/17WbwQ6TXgc?si=3cnwuptvZ10zrym0');
INSERT INTO piese (id_piesa, id_album, titlu, durata, compozitor, link_piesa) VALUES (225, 16, 'The Road To Mandalay (XXV)', '04:42', 'Robbie Williams', 'https://youtu.be/PWqxNBgd7yI?si=XDW880PDShgmb_pX');
INSERT INTO piese (id_piesa, id_album, titlu, durata, compozitor, link_piesa) VALUES (226, 16, 'Tripping (XXV)', '03:55', 'Robbie Williams', 'https://youtu.be/2K-JWATfiUA?si=CKCumaW5urng5RRK');
INSERT INTO piese (id_piesa, id_album, titlu, durata, compozitor, link_piesa) VALUES (227, 16, 'Bodies (XXV)', '03:55', 'Robbie Williams', 'https://youtu.be/p-0qaR64vp8?si=Q1Qd7sj8Nd2B9X4z');
INSERT INTO piese (id_piesa, id_album, titlu, durata, compozitor, link_piesa) VALUES (228, 16, 'Candy (XXV)', '03:14', 'Robbie Williams', 'https://youtu.be/NDFDwcapkvU?si=bb4OCBnBD_pujPWn');
INSERT INTO piese (id_piesa, id_album, titlu, durata, compozitor, link_piesa) VALUES (229, 16, 'Supreme (XXV)', '04:26', 'Robbie Williams', 'https://youtu.be/sTdFsmAbb_U?si=RwPsHN_9KSOhRd2S');
INSERT INTO piese (id_piesa, id_album, titlu, durata, compozitor, link_piesa) VALUES (230, 16, 'Strong (XXV)', '04:15', 'Robbie Williams', 'https://youtu.be/wAldnlq3dZ4?si=SXErrczOTP1OvFEU');
INSERT INTO piese (id_piesa, id_album, titlu, durata, compozitor, link_piesa) VALUES (231, 16, 'Eternity (XXV)', '05:28', 'Robbie Williams', 'https://youtu.be/8fG28Ojoaj4?si=1rGnqkrEHq3Hzu_Y');
INSERT INTO piese (id_piesa, id_album, titlu, durata, compozitor, link_piesa) VALUES (232, 16, 'No Regrets (XXV)', '05:04', 'Robbie Williams', 'https://youtu.be/_lu8NtafF3E?si=Rp0iNE4Tfbd92tNs');
INSERT INTO piese (id_piesa, id_album, titlu, durata, compozitor, link_piesa) VALUES (233, 16, 'She''s the One (XXV)', '04:31', 'Robbie Williams', 'https://youtu.be/iX-fBR9zt5Q?si=Ek5rTTZcXEqM-pP9');
INSERT INTO piese (id_piesa, id_album, titlu, durata, compozitor, link_piesa) VALUES (234, 16, 'Feel (XXV)', '04:25', 'Robbie Williams', '');
INSERT INTO piese (id_piesa, id_album, titlu, durata, compozitor, link_piesa) VALUES (235, 16, 'Rock DJ (XXV)', '04:54', 'Robbie Williams', '');
INSERT INTO piese (id_piesa, id_album, titlu, durata, compozitor, link_piesa) VALUES (236, 16, 'Kids (XXV)', '03:31', 'Robbie Williams', '');
INSERT INTO piese (id_piesa, id_album, titlu, durata, compozitor, link_piesa) VALUES (237, 16, 'Angels (XXV)', '04:25', 'Robbie Williams', 'https://youtu.be/pv-XrJkUKY0?si=MTfv4UsVwrcRbkap');
INSERT INTO piese (id_piesa, id_album, titlu, durata, compozitor, link_piesa) VALUES (238, 16, 'Lost (XXV)', '03:39', 'Robbie Williams', 'https://youtu.be/Q0AoVAEJ1T0?si=fIJO8pSNegyfO8q7');
INSERT INTO piese (id_piesa, id_album, titlu, durata, compozitor, link_piesa) VALUES (239, 16, 'Nobody Someday (XXV)', '03:36', 'Robbie Williams', 'https://youtu.be/93BKNQE3Lfs?si=6tSQGHA3HWKl9Ddb');
INSERT INTO piese (id_piesa, id_album, titlu, durata, compozitor, link_piesa) VALUES (240, 16, 'Lazy Days (XXV)', '04:31', 'Robbie Williams', 'https://youtu.be/luYtvNUiKDI?si=ro_U1aWIapdr5dGs');
INSERT INTO piese (id_piesa, id_album, titlu, durata, compozitor, link_piesa) VALUES (241, 16, 'Hot Fudge (XXV)', '03:42', 'Robbie Williams', 'https://youtu.be/CBVRmpq6YeY?si=5bTm96SKLG3gaq5F');
INSERT INTO piese (id_piesa, id_album, titlu, durata, compozitor, link_piesa) VALUES (242, 16, 'Sexed Up (XXV)', '03:46', 'Robbie Williams', 'https://youtu.be/jtScSba5524?si=4gSwMzFd6AHeIGZh');
INSERT INTO piese (id_piesa, id_album, titlu, durata, compozitor, link_piesa) VALUES (243, 16, 'More Than This (XXV)', '04:09', 'Robbie Williams', 'https://youtu.be/T6NkIW5zLV4?si=aVPV_qgBVIWaumkQ');
INSERT INTO piese (id_piesa, id_album, titlu, durata, compozitor, link_piesa) VALUES (244, 16, 'Disco Symphony (XXV)', '03:50', 'Robbie Williams', 'https://youtu.be/zWh5ndZCHq8?si=x7-3GZ6TPWpN5Xa1');
INSERT INTO piese (id_piesa, id_album, titlu, durata, compozitor, link_piesa) VALUES (245, 16, 'Better Man (XXV)', '04:14', 'Robbie Williams', 'https://youtu.be/FqrGgUvhKbQ?si=vN-ckC1Ul2TMyORM');
INSERT INTO piese (id_piesa, id_album, titlu, durata, compozitor, link_piesa) VALUES (246, 16, 'Home Thoughts from Abroad (XXV)', '03:21', 'Robbie Williams', 'https://youtu.be/j6eAnLyb4nM?si=XeQfGYsyy6sPHLbh');
INSERT INTO piese (id_piesa, id_album, titlu, durata, compozitor, link_piesa) VALUES (247, 16, 'The World and Her Mother (XXV)', '04:11', 'Robbie Williams', 'https://youtu.be/_QWZ3elm_ME?si=-01i5juTIay-XTAe');
INSERT INTO piese (id_piesa, id_album, titlu, durata, compozitor, link_piesa) VALUES (248, 16, 'Into the Silence (XXV)', '04:51', 'Robbie Williams', 'https://youtu.be/jYWwJ40Ld9w?si=5G_A6AW2ImS8ZJBd');
-- Album 17: Soundtrack Better Man Movie
INSERT INTO piese (id_piesa, id_album, titlu, durata, compozitor, link_piesa) VALUES (249, 17, 'Feel (From Better Man: Original Motion Picture Soundtrack)', '03:00', 'Robbie Williams, Carter J. Murphy, Steve Pemberton', NULL);
INSERT INTO piese (id_piesa, id_album, titlu, durata, compozitor, link_piesa) VALUES (250, 17, 'I Found Heaven (From Better Man: Original Motion Picture Soundtrack)', '03:02', 'Robbie Williams, Tom Bales, Adam Tucker', NULL);
INSERT INTO piese (id_piesa, id_album, titlu, durata, compozitor, link_piesa) VALUES (251, 17, 'Rock DJ (From Better Man: Original Motion Picture Soundtrack)', '04:01', 'Robbie Williams', NULL);
INSERT INTO piese (id_piesa, id_album, titlu, durata, compozitor, link_piesa) VALUES (252, 17, 'Relight My Fire (From Better Man: Original Motion Picture Soundtrack)', '02:36', 'Robbie Williams, Tom Bales, Adam Tucker', NULL);
INSERT INTO piese (id_piesa, id_album, titlu, durata, compozitor, link_piesa) VALUES (253, 17, 'Come Undone (From Better Man: Original Motion Picture Soundtrack)', '03:08', 'Robbie Williams, Adam Tucker', NULL);
INSERT INTO piese (id_piesa, id_album, titlu, durata, compozitor, link_piesa) VALUES (254, 17, 'She''s the One (From Better Man: Original Motion Picture Soundtrack)', '04:17', 'Robbie Williams, Adam Tucker, Kayleigh McKnight', NULL);
INSERT INTO piese (id_piesa, id_album, titlu, durata, compozitor, link_piesa) VALUES (255, 17, 'Something Beautiful (From Better Man: Original Motion Picture Soundtrack)', '04:01', 'Robbie Williams', NULL);
INSERT INTO piese (id_piesa, id_album, titlu, durata, compozitor, link_piesa) VALUES (256, 17, 'Land of 1000 Dances (From Better Man: Original Motion Picture Soundtrack)', '04:05', 'Chris Kenner', NULL);
INSERT INTO piese (id_piesa, id_album, titlu, durata, compozitor, link_piesa) VALUES (257, 17, 'Angels (From Better Man: Original Motion Picture Soundtrack)', '05:29', 'Robbie Williams, Adam Tucker', NULL);
INSERT INTO piese (id_piesa, id_album, titlu, durata, compozitor, link_piesa) VALUES (258, 17, 'Let Me Entertain You (From Better Man: Original Motion Picture Soundtrack)', '03:38', 'Robbie Williams, Adam Tucker', NULL);
INSERT INTO piese (id_piesa, id_album, titlu, durata, compozitor, link_piesa) VALUES (259, 17, 'Better Man (From Better Man: Original Motion Picture Soundtrack)', '04:20', 'Robbie Williams, Adam Tucker', NULL);
INSERT INTO piese (id_piesa, id_album, titlu, durata, compozitor, link_piesa) VALUES (260, 17, 'My Way (From Better Man: Original Motion Picture Soundtrack)', '07:04', 'Claude François, Jacques Revaux, Paul Anka', NULL);
INSERT INTO piese (id_piesa, id_album, titlu, durata, compozitor, link_piesa) VALUES (261, 17, 'Forbidden Road (From Better Man: Original Motion Picture Soundtrack)', '03:17', 'Robbie Williams', NULL);

-- Insert-uri Tabel Premii
INSERT INTO premii (id_premiu, id_piesa, denumire_premiu, data_acordare) VALUES (1, 4 , 'Ivor Novello Award - Cea mai buna piesa muzicala si lirica', STR_TO_DATE('1998-05-25', '%Y-%m-%d'));
INSERT INTO premii (id_premiu, id_piesa, denumire_premiu, data_acordare) VALUES (2, 4, 'Ivor Novello Award - Cea mai interpretata piesa', STR_TO_DATE('1999-05-25', '%Y-%m-%d'));
INSERT INTO premii (id_premiu, id_piesa, denumire_premiu, data_acordare) VALUES (3, 4 , 'Brit Award - Single-ul britanic al anului', STR_TO_DATE('1999-02-16', '%Y-%m-%d'));
INSERT INTO premii (id_premiu, id_piesa, denumire_premiu, data_acordare) VALUES (4, 4 , 'Brit Award - Cântecul britanic al celor 25 de ani', STR_TO_DATE('2005-02-09', '%Y-%m-%d'));
INSERT INTO premii (id_premiu, id_piesa, denumire_premiu, data_acordare) VALUES (5, 26, 'Ivor Novello Award - Cea mai interpretata piesa', STR_TO_DATE('2001-05-25', '%Y-%m-%d'));
INSERT INTO premii (id_premiu, id_piesa, denumire_premiu, data_acordare) VALUES (6, 26, 'Brit Award - Single-ul britanic al anului', STR_TO_DATE('2001-02-26', '%Y-%m-%d'));
INSERT INTO premii (id_premiu, id_piesa, denumire_premiu, data_acordare) VALUES (7, 12, 'Ivor Novello Award - Cea mai buna piesa muzicala si lirica', STR_TO_DATE('2000-05-25', '%Y-%m-%d'));
INSERT INTO premii (id_premiu, id_piesa, denumire_premiu, data_acordare) VALUES (8, 52, 'Ivor Novello Award - Hitul international al anului', STR_TO_DATE('2003-05-25', '%Y-%m-%d'));
INSERT INTO premii (id_premiu, id_piesa, denumire_premiu, data_acordare) VALUES (9, 77, 'Ivor Novello Award - Hitul international al anului', STR_TO_DATE('2007-05-25', '%Y-%m-%d'));
INSERT INTO premii (id_premiu, id_piesa, denumire_premiu, data_acordare) VALUES (10, 14, 'Brit Award - Single-ul britanic al anului', STR_TO_DATE('1999-02-16', '%Y-%m-%d'));
INSERT INTO premii (id_premiu, id_piesa, denumire_premiu, data_acordare) VALUES (11, 21 , 'Brit Award - Single-ul britanic al anului', STR_TO_DATE('2000-03-03', '%Y-%m-%d'));
INSERT INTO premii (id_premiu, id_piesa, denumire_premiu, data_acordare) VALUES (12, 109, 'Brit Award - Single-ul britanic al anului', STR_TO_DATE('2013-02-20', '%Y-%m-%d'));
INSERT INTO premii (id_premiu, id_piesa, denumire_premiu, data_acordare) VALUES (13, 4, 'World Music Award - Cea mai buna piesa britanica', STR_TO_DATE('1998-05-25', '%Y-%m-%d'));
INSERT INTO premii (id_premiu, id_piesa, denumire_premiu, data_acordare) VALUES (14, 4, 'Discul de platina - Australia', NULL);
INSERT INTO premii (id_premiu, id_piesa, denumire_premiu, data_acordare) VALUES (15, 4 , 'Discul de aur - Germania', NULL);
INSERT INTO premii (id_premiu, id_piesa, denumire_premiu, data_acordare) VALUES (16, 4, 'MTV Europe Music Award - Cea mai buna piesa', STR_TO_DATE('1998-11-12', '%Y-%m-%d'));
INSERT INTO premii (id_premiu, id_piesa, denumire_premiu, data_acordare) VALUES (17, 4, 'Discul de argint - Marea Britanie', NULL);
INSERT INTO premii (id_premiu, id_piesa, denumire_premiu, data_acordare) VALUES (18, 26, 'Discul de aur - Franta', NULL);
INSERT INTO premii (id_premiu, id_piesa, denumire_premiu, data_acordare) VALUES (19, 52, 'Nominalizare Grammy - Cea mai buna piesa vocala pop', STR_TO_DATE('2004-02-08', '%Y-%m-%d'));
INSERT INTO premii (id_premiu, id_piesa, denumire_premiu, data_acordare) VALUES (20, 52, 'Discul de platina - Canada', NULL);
INSERT INTO premii (id_premiu, id_piesa, denumire_premiu, data_acordare) VALUES (21, 21, 'Discul de aur - Australia', NULL);
INSERT INTO premii (id_premiu, id_piesa, denumire_premiu, data_acordare) VALUES (22, 21, 'Discul de argint - Marea Britanie', NULL);
INSERT INTO premii (id_premiu, id_piesa, denumire_premiu, data_acordare) VALUES (23, 4, 'Nominalizare - Brit Award pentru cea mai buna piesa britanica', STR_TO_DATE('1998-02-09', '%Y-%m-%d'));
INSERT INTO premii (id_premiu, id_piesa, denumire_premiu, data_acordare) VALUES (24, 4, 'ASCAP Award - Cea mai interpretata piesa pop', STR_TO_DATE('1999-03-15', '%Y-%m-%d'));
INSERT INTO premii (id_premiu, id_piesa, denumire_premiu, data_acordare) VALUES (25, 52, 'Discul de aur - Germania', NULL);
INSERT INTO premii (id_premiu, id_piesa, denumire_premiu, data_acordare) VALUES (26, 52, 'MTV Europe Music Award - Cea mai buna piesa', STR_TO_DATE('2003-11-06', '%Y-%m-%d'));
INSERT INTO premii (id_premiu, id_piesa, denumire_premiu, data_acordare) VALUES (27, 26, 'Brit Award - Cea mai buna piesa dance britanica', STR_TO_DATE('2001-02-26', '%Y-%m-%d'));
INSERT INTO premii (id_premiu, id_piesa, denumire_premiu, data_acordare) VALUES (28, 109, 'World Music Award - Cel mai bine vândut single britanic', STR_TO_DATE('2012-11-04', '%Y-%m-%d'));
INSERT INTO premii (id_premiu, id_piesa, denumire_premiu, data_acordare) VALUES (29, 4, 'Grammy Latino - Cea mai buna piesa internationala', STR_TO_DATE('1998-10-15', '%Y-%m-%d'));
INSERT INTO premii (id_premiu, id_piesa, denumire_premiu, data_acordare) VALUES (30, 4, 'Discul de diamant - Franta', NULL);
INSERT INTO premii (id_premiu, id_piesa, denumire_premiu, data_acordare) VALUES (31, 14, 'MTV Video Music Award - Cel mai bun videoclip masculin', STR_TO_DATE('1999-09-09', '%Y-%m-%d'));
INSERT INTO premii (id_premiu, id_piesa, denumire_premiu, data_acordare) VALUES (32, 14, 'Discul de platina - Japonia', NULL);
INSERT INTO premii (id_premiu, id_piesa, denumire_premiu, data_acordare) VALUES (33, 52, 'Brit Award - Cel mai bun cântec britanic al deceniului', STR_TO_DATE('2010-02-16', '%Y-%m-%d'));
INSERT INTO premii (id_premiu, id_piesa, denumire_premiu, data_acordare) VALUES (34, 26, 'Discul de platina - Spania', NULL);
INSERT INTO premii (id_premiu, id_piesa, denumire_premiu, data_acordare) VALUES (35, 12, 'Nominalizare MTV Europe Music Award - Cel mai bun cântec rock', STR_TO_DATE('2000-11-02', '%Y-%m-%d'));
INSERT INTO premii (id_premiu, id_piesa, denumire_premiu, data_acordare) VALUES (36, 4, 'Billboard Music Award - Cel mai ascultat cântec pop', STR_TO_DATE('1999-12-08', '%Y-%m-%d'));
INSERT INTO premii (id_premiu, id_piesa, denumire_premiu, data_acordare) VALUES (37, 109, 'Discul de aur - Polonia', NULL);
INSERT INTO premii (id_premiu, id_piesa, denumire_premiu, data_acordare) VALUES (38, 4, 'Nominalizare MTV Video Music Award - Cel mai bun videoclip international', STR_TO_DATE('1999-09-09', '%Y-%m-%d'));
INSERT INTO premii (id_premiu, id_piesa, denumire_premiu, data_acordare) VALUES (39, 4, 'Brit Award - Cea mai buna piesa a mileniului', STR_TO_DATE('2000-02-16', '%Y-%m-%d'));
INSERT INTO premii (id_premiu, id_piesa, denumire_premiu, data_acordare) VALUES (40, 14, 'Nominalizare MTV Europe Music Award - Cel mai bun videoclip pop', STR_TO_DATE('1999-11-11', '%Y-%m-%d'));
INSERT INTO premii (id_premiu, id_piesa, denumire_premiu, data_acordare) VALUES (41, 4, 'Ivor Novello Award - Cea mai buna compozitie britanica', STR_TO_DATE('1999-05-25', '%Y-%m-%d'));
INSERT INTO premii (id_premiu, id_piesa, denumire_premiu, data_acordare) VALUES (42, 4, 'Discul de aur - Italia', NULL);
INSERT INTO premii (id_premiu, id_piesa, denumire_premiu, data_acordare) VALUES (43, 52, 'Nominalizare Grammy - Cea mai buna interpretare vocala pop masculin?', STR_TO_DATE('2004-02-08', '%Y-%m-%d'));
INSERT INTO premii (id_premiu, id_piesa, denumire_premiu, data_acordare) VALUES (44, 4, 'Discul de aur - Noua Zeelanda', NULL);
INSERT INTO premii (id_premiu, id_piesa, denumire_premiu, data_acordare) VALUES (45, 26, 'Discul de platina - Olanda', NULL);
INSERT INTO premii (id_premiu, id_piesa, denumire_premiu, data_acordare) VALUES (46, 4, 'World Music Award - Cea mai buna piesa britanica a anului', STR_TO_DATE('1998-11-15', '%Y-%m-%d'));
INSERT INTO premii (id_premiu, id_piesa, denumire_premiu, data_acordare) VALUES (47, 12, 'Discul de argint - Suedia', NULL);
INSERT INTO premii (id_premiu, id_piesa, denumire_premiu, data_acordare) VALUES (48, 14, 'Nominalizare MTV Europe Music Award - Cel mai bun videoclip masculin', STR_TO_DATE('1999-11-11', '%Y-%m-%d'));
INSERT INTO premii (id_premiu, id_piesa, denumire_premiu, data_acordare) VALUES (49, 4, 'Grammy - Cea mai buna piesa internationala', STR_TO_DATE('1999-02-24', '%Y-%m-%d'));
INSERT INTO premii (id_premiu, id_piesa, denumire_premiu, data_acordare) VALUES (50, 52, 'World Music Award - Cel mai bine vândut cântec britanic al anului', STR_TO_DATE('2003-11-12', '%Y-%m-%d'));
INSERT INTO premii (id_premiu, id_piesa, denumire_premiu, data_acordare) VALUES (51, 21, 'Discul de platina - Canada', NULL);
INSERT INTO premii (id_premiu, id_piesa, denumire_premiu, data_acordare) VALUES (52, 4, 'Brit Award - Cea mai buna piesa clasica reinterpreta', STR_TO_DATE('2000-02-15', '%Y-%m-%d'));
INSERT INTO premii (id_premiu, id_piesa, denumire_premiu, data_acordare) VALUES (53, 109, 'Nominalizare Brit Award - Cel mai bun videoclip britanic', STR_TO_DATE('2013-02-20', '%Y-%m-%d'));
INSERT INTO premii (id_premiu, id_piesa, denumire_premiu, data_acordare) VALUES (54, 14, 'Discul de aur - Elvetia', NULL);
INSERT INTO premii (id_premiu, id_piesa, denumire_premiu, data_acordare) VALUES (55, 4, 'ASCAP Pop Music Award - Cel mai ascultat cântec britanic', STR_TO_DATE('1999-05-15', '%Y-%m-%d'));
INSERT INTO premii (id_premiu, id_piesa, denumire_premiu, data_acordare) VALUES (56, 26, 'Billboard Music Award - Cel mai bun videoclip international', STR_TO_DATE('2001-12-05', '%Y-%m-%d'));
INSERT INTO premii (id_premiu, id_piesa, denumire_premiu, data_acordare) VALUES (57, 52, 'Grammy - Cel mai bun cântec vocal pop masculin', STR_TO_DATE('2003-02-23', '%Y-%m-%d'));
INSERT INTO premii (id_premiu, id_piesa, denumire_premiu, data_acordare) VALUES (58, 12, 'Nominalizare Brit Award - Cea mai buna piesa britanica', STR_TO_DATE('2000-02-15', '%Y-%m-%d'));
INSERT INTO premii (id_premiu, id_piesa, denumire_premiu, data_acordare) VALUES (59, 21, 'Nominalizare MTV Video Music Award - Cel mai bun videoclip international', STR_TO_DATE('2000-09-07', '%Y-%m-%d'));
INSERT INTO premii (id_premiu, id_piesa, denumire_premiu, data_acordare) VALUES (60, 14, 'World Music Award - Cel mai bun cântec britanic al anului', STR_TO_DATE('1999-11-10', '%Y-%m-%d'));
INSERT INTO premii (id_premiu, id_piesa, denumire_premiu, data_acordare) VALUES (61, NULL, 'Brit Award - Cel mai bun artist solo britanic', STR_TO_DATE('2003-02-20', '%Y-%m-%d'));
INSERT INTO premii (id_premiu, id_piesa, denumire_premiu, data_acordare) VALUES (62, NULL, 'Brit Award - Contributie remarcabila la muzica', STR_TO_DATE('2010-02-16', '%Y-%m-%d'));
INSERT INTO premii (id_premiu, id_piesa, denumire_premiu, data_acordare) VALUES (63, NULL, 'Brit Award - Icon Award', STR_TO_DATE('2017-02-22', '%Y-%m-%d'));
INSERT INTO premii (id_premiu, id_piesa, denumire_premiu, data_acordare) VALUES (64, NULL, 'MTV Europe Music Award - Cel mai bun artist masculin', STR_TO_DATE('1998-11-12', '%Y-%m-%d'));
INSERT INTO premii (id_premiu, id_piesa, denumire_premiu, data_acordare) VALUES (65, NULL, 'World Music Award - Cel mai bine vândut artist britanic', STR_TO_DATE('2000-05-10', '%Y-%m-%d'));
INSERT INTO premii (id_premiu, id_piesa, denumire_premiu, data_acordare) VALUES (66, 12, 'Ivor Novello Award - Cel mai bun cântec muzical si liric', STR_TO_DATE('2000-05-25', '%Y-%m-%d'));
INSERT INTO premii (id_premiu, id_piesa, denumire_premiu, data_acordare) VALUES (67, NULL, 'Q Award - Cel mai bun artist britanic', STR_TO_DATE('2003-10-06', '%Y-%m-%d'));
INSERT INTO premii (id_premiu, id_piesa, denumire_premiu, data_acordare) VALUES (68, NULL, 'Q Award - Cel mai bun artist britanic al deceniului', STR_TO_DATE('2010-10-25', '%Y-%m-%d'));
INSERT INTO premii (id_premiu, id_piesa, denumire_premiu, data_acordare) VALUES (69, NULL, 'BRIT Award - Cel mai bun artist masculin', STR_TO_DATE('2004-02-16', '%Y-%m-%d'));
INSERT INTO premii (id_premiu, id_piesa, denumire_premiu, data_acordare) VALUES (70, NULL, 'MTV Europe Music Award - Cel mai bun artist britanic', STR_TO_DATE('1999-11-09', '%Y-%m-%d'));

-- Insert-uri Tabel Turnee
INSERT INTO turnee (id_turneu, nume_turneu, data_inceput, data_sfarsit) VALUES (1, 'XXV Tour', STR_TO_DATE('2022-10-09', '%Y-%m-%d'), STR_TO_DATE('2023-06-24', '%Y-%m-%d'));
INSERT INTO turnee (id_turneu, nume_turneu, data_inceput, data_sfarsit) VALUES (2, 'Live in Las Vegas', STR_TO_DATE('2019-03-06', '%Y-%m-%d'), STR_TO_DATE('2019-07-06', '%Y-%m-%d'));
INSERT INTO turnee (id_turneu, nume_turneu, data_inceput, data_sfarsit) VALUES (3, 'The Heavy Entertainment Show', STR_TO_DATE('2017-06-02', '%Y-%m-%d'), STR_TO_DATE('2018-11-17', '%Y-%m-%d'));
INSERT INTO turnee (id_turneu, nume_turneu, data_inceput, data_sfarsit) VALUES (4, 'Let Me Entertain You', STR_TO_DATE('2015-03-25', '%Y-%m-%d'), STR_TO_DATE('2015-11-03', '%Y-%m-%d'));
INSERT INTO turnee (id_turneu, nume_turneu, data_inceput, data_sfarsit) VALUES (5, 'Swings Both Ways Live', STR_TO_DATE('2014-04-25', '%Y-%m-%d'), STR_TO_DATE('2014-09-28', '%Y-%m-%d'));
INSERT INTO turnee (id_turneu, nume_turneu, data_inceput, data_sfarsit) VALUES (6, 'Take the Crown Stadium', STR_TO_DATE('2013-06-14', '%Y-%m-%d'), STR_TO_DATE('2013-08-25', '%Y-%m-%d'));
INSERT INTO turnee (id_turneu, nume_turneu, data_inceput, data_sfarsit) VALUES (7, 'Close Encounters', STR_TO_DATE('2006-04-10', '%Y-%m-%d'), STR_TO_DATE('2006-12-18', '%Y-%m-%d'));
INSERT INTO turnee (id_turneu, nume_turneu, data_inceput, data_sfarsit) VALUES (8, 'Cock of Justice / Aussie Typo', STR_TO_DATE('2003-10-19', '%Y-%m-%d'), STR_TO_DATE('2003-12-14', '%Y-%m-%d'));
INSERT INTO turnee (id_turneu, nume_turneu, data_inceput, data_sfarsit) VALUES (9, 'Weekends of Mass Distraction', STR_TO_DATE('2003-06-28', '%Y-%m-%d'), STR_TO_DATE('2003-08-09', '%Y-%m-%d'));
INSERT INTO turnee (id_turneu, nume_turneu, data_inceput, data_sfarsit) VALUES (10, 'Sing When You''re Pacific Rimming', STR_TO_DATE('2001-10-18', '%Y-%m-%d'), STR_TO_DATE('2001-11-18', '%Y-%m-%d'));
INSERT INTO turnee (id_turneu, nume_turneu, data_inceput, data_sfarsit) VALUES (11, 'Weddings, Barmitzvahs and Stadiums', STR_TO_DATE('2001-06-30', '%Y-%m-%d'), STR_TO_DATE('2001-08-11', '%Y-%m-%d'));
INSERT INTO turnee (id_turneu, nume_turneu, data_inceput, data_sfarsit) VALUES (12, 'The Sermon on the Mount', STR_TO_DATE('2000-10-06', '%Y-%m-%d'), STR_TO_DATE('2001-03-16', '%Y-%m-%d'));
INSERT INTO turnee (id_turneu, nume_turneu, data_inceput, data_sfarsit) VALUES (13, 'Get Your Coat Baby, You''ve Pulled', STR_TO_DATE('1999-10-12', '%Y-%m-%d'), STR_TO_DATE('1999-11-01', '%Y-%m-%d'));
INSERT INTO turnee (id_turneu, nume_turneu, data_inceput, data_sfarsit) VALUES (14, 'For a Few Dollars More...', STR_TO_DATE('1999-09-03', '%Y-%m-%d'), STR_TO_DATE('1999-09-17', '%Y-%m-%d'));
INSERT INTO turnee (id_turneu, nume_turneu, data_inceput, data_sfarsit) VALUES (15, 'The Man, the Myth, the Tax Bill', STR_TO_DATE('1999-05-01', '%Y-%m-%d'), STR_TO_DATE('1999-08-28', '%Y-%m-%d'));
INSERT INTO turnee (id_turneu, nume_turneu, data_inceput, data_sfarsit) VALUES (16, 'One More for the Rogue', STR_TO_DATE('1998-11-27', '%Y-%m-%d'), STR_TO_DATE('1999-03-03', '%Y-%m-%d'));
INSERT INTO turnee (id_turneu, nume_turneu, data_inceput, data_sfarsit) VALUES (17, 'The Ego Has Landed', STR_TO_DATE('1998-05-15', '%Y-%m-%d'), STR_TO_DATE('1998-08-29', '%Y-%m-%d'));
INSERT INTO turnee (id_turneu, nume_turneu, data_inceput, data_sfarsit) VALUES (18, 'The Show Off Must Go On', STR_TO_DATE('1997-09-27', '%Y-%m-%d'), STR_TO_DATE('1997-11-29', '%Y-%m-%d'));


INSERT INTO concerte (id_concert, tara, oras, locatie, data_concert, capacitate, id_turneu) VALUES (1, 'GB', 'London', 'The O2', STR_TO_DATE('2022-10-09', '%Y-%m-%d'), 20000, 1);
INSERT INTO concerte (id_concert, tara, oras, locatie, data_concert, capacitate, id_turneu) VALUES (2, 'IE', 'Dublin', '3Arena', STR_TO_DATE('2022-10-29', '%Y-%m-%d'), 14000, 1);
INSERT INTO concerte (id_concert, tara, oras, locatie, data_concert, capacitate, id_turneu) VALUES (3, 'AU', 'Sydney', 'Allianz Stadium', STR_TO_DATE('2022-11-16', '%Y-%m-%d'), 45000, 1);
INSERT INTO concerte (id_concert, tara, oras, locatie, data_concert, capacitate, id_turneu) VALUES (4, 'IT', 'Bologna', 'Unipol Arena', STR_TO_DATE('2023-01-20', '%Y-%m-%d'), 10000, 1);
INSERT INTO concerte (id_concert, tara, oras, locatie, data_concert, capacitate, id_turneu) VALUES (5, 'DE', 'Hamburg', 'Barclays Arena', STR_TO_DATE('2023-02-01', '%Y-%m-%d'), 17000, 1);
INSERT INTO concerte (id_concert, tara, oras, locatie, data_concert, capacitate, id_turneu) VALUES (6, 'AT', 'Vienna', 'Wiener Stadthalle', STR_TO_DATE('2023-03-16', '%Y-%m-%d'), 16000, 1);
INSERT INTO concerte (id_concert, tara, oras, locatie, data_concert, capacitate, id_turneu) VALUES (7, 'US', 'Las Vegas', 'Wynn', STR_TO_DATE('2019-03-06', '%Y-%m-%d'), 2000, 2);
INSERT INTO concerte (id_concert, tara, oras, locatie, data_concert, capacitate, id_turneu) VALUES (8, 'US', 'Las Vegas', 'Wynn', STR_TO_DATE('2019-03-08', '%Y-%m-%d'), 2000, 2);
INSERT INTO concerte (id_concert, tara, oras, locatie, data_concert, capacitate, id_turneu) VALUES (9, 'US', 'Las Vegas', 'Wynn', STR_TO_DATE('2019-03-09', '%Y-%m-%d'), 2000, 2);
INSERT INTO concerte (id_concert, tara, oras, locatie, data_concert, capacitate, id_turneu) VALUES (10, 'US', 'Las Vegas', 'Wynn', STR_TO_DATE('2019-03-13', '%Y-%m-%d'), 2000, 2);
INSERT INTO concerte (id_concert, tara, oras, locatie, data_concert, capacitate, id_turneu) VALUES (11, 'US', 'Las Vegas', 'Wynn', STR_TO_DATE('2019-03-15', '%Y-%m-%d'), 2000, 2);
INSERT INTO concerte (id_concert, tara, oras, locatie, data_concert, capacitate, id_turneu) VALUES (12, 'US', 'Las Vegas', 'Wynn', STR_TO_DATE('2019-03-16', '%Y-%m-%d'), 2000, 2);
INSERT INTO concerte (id_concert, tara, oras, locatie, data_concert, capacitate, id_turneu) VALUES (13, 'GB', 'Manchester', 'Etihad Stadium', STR_TO_DATE('2017-06-03', '%Y-%m-%d'), 55000, 3);
INSERT INTO concerte (id_concert, tara, oras, locatie, data_concert, capacitate, id_turneu) VALUES (14, 'IE', 'Dublin', 'Aviva Stadium', STR_TO_DATE('2017-06-17', '%Y-%m-%d'), 52000, 3);
INSERT INTO concerte (id_concert, tara, oras, locatie, data_concert, capacitate, id_turneu) VALUES (15, 'FR', 'Paris', 'Accorhotels Arena', STR_TO_DATE('2017-07-01', '%Y-%m-%d'), 12000, 3);
INSERT INTO concerte (id_concert, tara, oras, locatie, data_concert, capacitate, id_turneu) VALUES (16, 'DE', 'Munich', 'Olympic Stadium', STR_TO_DATE('2017-07-22', '%Y-%m-%d'), 80000, 3);
INSERT INTO concerte (id_concert, tara, oras, locatie, data_concert, capacitate, id_turneu) VALUES (17, 'SE', 'Stockholm', 'Tele2 Arena', STR_TO_DATE('2017-07-29', '%Y-%m-%d'), 30000, 3);
INSERT INTO concerte (id_concert, tara, oras, locatie, data_concert, capacitate, id_turneu) VALUES (18, 'AU', 'Sydney', 'Qudos Bank Arena', STR_TO_DATE('2018-02-28', '%Y-%m-%d'), 21000, 3);
INSERT INTO concerte (id_concert, tara, oras, locatie, data_concert, capacitate, id_turneu) VALUES (19, 'ES', 'Madrid', 'Barclaycard Center', STR_TO_DATE('2015-03-25', '%Y-%m-%d'), 15000, 4);
INSERT INTO concerte (id_concert, tara, oras, locatie, data_concert, capacitate, id_turneu) VALUES (20, 'ES', 'Barcelona', 'Palau Sant Jordi', STR_TO_DATE('2015-03-27', '%Y-%m-%d'), 17000, 4);
INSERT INTO concerte (id_concert, tara, oras, locatie, data_concert, capacitate, id_turneu) VALUES (21, 'RU', 'Moscow', 'Olympiyskiy', STR_TO_DATE('2015-04-12', '%Y-%m-%d'), 25000, 4);
INSERT INTO concerte (id_concert, tara, oras, locatie, data_concert, capacitate, id_turneu) VALUES (22, 'PL', 'Kraków', 'Tauron Arena', STR_TO_DATE('2015-04-17', '%Y-%m-%d'), 22000, 4);
INSERT INTO concerte (id_concert, tara, oras, locatie, data_concert, capacitate, id_turneu) VALUES (23, 'RO', 'Bucharest', 'Piata Constitutiei', STR_TO_DATE('2015-07-17', '%Y-%m-%d'), 45000, 4);
INSERT INTO concerte (id_concert, tara, oras, locatie, data_concert, capacitate, id_turneu) VALUES (24, 'IT', 'Rome', 'Ippodromo delle Capannelle', STR_TO_DATE('2015-07-07', '%Y-%m-%d'), 20000, 4);
INSERT INTO concerte (id_concert, tara, oras, locatie, data_concert, capacitate, id_turneu) VALUES (25, 'HU', 'Budapest', 'Sports Arena', STR_TO_DATE('2014-04-25', '%Y-%m-%d'), 13000, 5);
INSERT INTO concerte (id_concert, tara, oras, locatie, data_concert, capacitate, id_turneu) VALUES (26, 'CZ', 'Prague', 'O2 Arena', STR_TO_DATE('2014-04-26', '%Y-%m-%d'), 18000, 5);
INSERT INTO concerte (id_concert, tara, oras, locatie, data_concert, capacitate, id_turneu) VALUES (27, 'AT', 'Vienna', 'Wiener Stadthalle', STR_TO_DATE('2014-04-28', '%Y-%m-%d'), 16000, 5);
INSERT INTO concerte (id_concert, tara, oras, locatie, data_concert, capacitate, id_turneu) VALUES (28, 'IT', 'Turin', 'Palasport Olimpico', STR_TO_DATE('2014-05-01', '%Y-%m-%d'), 15000, 5);
INSERT INTO concerte (id_concert, tara, oras, locatie, data_concert, capacitate, id_turneu) VALUES (29, 'PT', 'Lisbon', 'Parque da Bela Vista', STR_TO_DATE('2014-05-25', '%Y-%m-%d'), 35000, 5);
INSERT INTO concerte (id_concert, tara, oras, locatie, data_concert, capacitate, id_turneu) VALUES (30, 'GB', 'London', 'The O2', STR_TO_DATE('2014-07-08', '%Y-%m-%d'), 20000, 5);
INSERT INTO concerte (id_concert, tara, oras, locatie, data_concert, capacitate, id_turneu) VALUES (31, 'IE', 'Dublin', 'Croke Park', STR_TO_DATE('2013-06-14', '%Y-%m-%d'), 82000, 6);
INSERT INTO concerte (id_concert, tara, oras, locatie, data_concert, capacitate, id_turneu) VALUES (32, 'GB', 'Manchester', 'Etihad Stadium', STR_TO_DATE('2013-06-18', '%Y-%m-%d'), 55000, 6);
INSERT INTO concerte (id_concert, tara, oras, locatie, data_concert, capacitate, id_turneu) VALUES (33, 'GB', 'London', 'Wembley Stadium', STR_TO_DATE('2013-06-29', '%Y-%m-%d'), 90000, 6);
INSERT INTO concerte (id_concert, tara, oras, locatie, data_concert, capacitate, id_turneu) VALUES (34, 'DE', 'Gelsenkirchen', 'Veltins-Arena', STR_TO_DATE('2013-07-10', '%Y-%m-%d'), 62000, 6);
INSERT INTO concerte (id_concert, tara, oras, locatie, data_concert, capacitate, id_turneu) VALUES (35, 'SE', 'Gothenburg', 'Ullevi', STR_TO_DATE('2013-07-20', '%Y-%m-%d'), 70000, 6);
INSERT INTO concerte (id_concert, tara, oras, locatie, data_concert, capacitate, id_turneu) VALUES (36, 'IT', 'Milan', 'San Siro', STR_TO_DATE('2013-07-31', '%Y-%m-%d'), 80000, 6);
INSERT INTO concerte (id_concert, tara, oras, locatie, data_concert, capacitate, id_turneu) VALUES (37, 'ZA', 'Durban', 'ABSA Stadium', STR_TO_DATE('2006-04-10', '%Y-%m-%d'), 52000, 7);
INSERT INTO concerte (id_concert, tara, oras, locatie, data_concert, capacitate, id_turneu) VALUES (38, 'AE', 'Dubai', 'Nad Al Sheba Racecourse', STR_TO_DATE('2006-04-21', '%Y-%m-%d'), 45000, 7);
INSERT INTO concerte (id_concert, tara, oras, locatie, data_concert, capacitate, id_turneu) VALUES (39, 'FR', 'Paris', 'Le Parc des Princes', STR_TO_DATE('2006-06-17', '%Y-%m-%d'), 48000, 7);
INSERT INTO concerte (id_concert, tara, oras, locatie, data_concert, capacitate, id_turneu) VALUES (40, 'DE', 'Dresden', 'Festwiese Ostragehege', STR_TO_DATE('2006-07-10', '%Y-%m-%d'), 35000, 7);
INSERT INTO concerte (id_concert, tara, oras, locatie, data_concert, capacitate, id_turneu) VALUES (41, 'IT', 'Milan', 'San Siro', STR_TO_DATE('2006-07-22', '%Y-%m-%d'), 80000, 7);
INSERT INTO concerte (id_concert, tara, oras, locatie, data_concert, capacitate, id_turneu) VALUES (42, 'AU', 'Sydney', 'Aussie Stadium', STR_TO_DATE('2006-12-09', '%Y-%m-%d'), 45000, 7);
INSERT INTO concerte (id_concert, tara, oras, locatie, data_concert, capacitate, id_turneu) VALUES (43, 'PT', 'Lisbon', 'Altice Arena', STR_TO_DATE('2003-10-19', '%Y-%m-%d'), 20000, 8);
INSERT INTO concerte (id_concert, tara, oras, locatie, data_concert, capacitate, id_turneu) VALUES (44, 'ES', 'Barcelona', 'Palau Sant Jordi', STR_TO_DATE('2003-10-24', '%Y-%m-%d'), 17000, 8);
INSERT INTO concerte (id_concert, tara, oras, locatie, data_concert, capacitate, id_turneu) VALUES (45, 'FR', 'Lyon', 'Halle Tony Garnier', STR_TO_DATE('2003-10-25', '%Y-%m-%d'), 16000, 8);
INSERT INTO concerte (id_concert, tara, oras, locatie, data_concert, capacitate, id_turneu) VALUES (46, 'CH', 'Geneva', 'SEG Arena', STR_TO_DATE('2003-10-27', '%Y-%m-%d'), 15000, 8);
INSERT INTO concerte (id_concert, tara, oras, locatie, data_concert, capacitate, id_turneu) VALUES (47, 'RU', 'Moscow', 'Olympiyskiy', STR_TO_DATE('2003-11-09', '%Y-%m-%d'), 25000, 8);
INSERT INTO concerte (id_concert, tara, oras, locatie, data_concert, capacitate, id_turneu) VALUES (48, 'AU', 'Melbourne', 'Telstra Dome', STR_TO_DATE('2003-12-12', '%Y-%m-%d'), 55000, 8);
INSERT INTO concerte (id_concert, tara, oras, locatie, data_concert, capacitate, id_turneu) VALUES (49, 'GB', 'Stevenage', 'Knebworth Park', STR_TO_DATE('2003-08-01', '%Y-%m-%d'), 120000, 8);
INSERT INTO concerte (id_concert, tara, oras, locatie, data_concert, capacitate, id_turneu) VALUES (50, 'GB', 'Edinburgh', 'BT Murrayfiend Stadium', STR_TO_DATE('2003-06-28', '%Y-%m-%d'), 50000, 8);
INSERT INTO concerte (id_concert, tara, oras, locatie, data_concert, capacitate, id_turneu) VALUES (51, 'AT', 'Vienna', 'Ernst Happel Stadion', STR_TO_DATE('2003-07-02', '%Y-%m-%d'), 50000, 8);
INSERT INTO concerte (id_concert, tara, oras, locatie, data_concert, capacitate, id_turneu) VALUES (52, 'DE', 'Berlin', 'Waldbühne', STR_TO_DATE('2003-07-08', '%Y-%m-%d'), 22000, 8);
INSERT INTO concerte (id_concert, tara, oras, locatie, data_concert, capacitate, id_turneu) VALUES (53, 'NL', 'Amsterdam', 'Johan Cruijff Arena', STR_TO_DATE('2003-07-17', '%Y-%m-%d'), 54000, 8);
INSERT INTO concerte (id_concert, tara, oras, locatie, data_concert, capacitate, id_turneu) VALUES (54, 'BE', 'Antwerp', 'Sportpaleis', STR_TO_DATE('2003-07-22', '%Y-%m-%d'), 23000, 8);
INSERT INTO concerte (id_concert, tara, oras, locatie, data_concert, capacitate, id_turneu) VALUES (55, 'HK', 'Hong Kong', 'Coliseum', STR_TO_DATE('2001-10-18', '%Y-%m-%d'), 12000, 9);
INSERT INTO concerte (id_concert, tara, oras, locatie, data_concert, capacitate, id_turneu) VALUES (56, 'SG', 'Kellang', 'Indoor Stadium', STR_TO_DATE('2001-10-20', '%Y-%m-%d'), 8000, 9);
INSERT INTO concerte (id_concert, tara, oras, locatie, data_concert, capacitate, id_turneu) VALUES (57, 'TW', 'Taipei', 'SuperDome', STR_TO_DATE('2001-10-26', '%Y-%m-%d'), 15000, 9);
INSERT INTO concerte (id_concert, tara, oras, locatie, data_concert, capacitate, id_turneu) VALUES (58, 'AU', 'Perth', 'Entertainment Centre', STR_TO_DATE('2001-11-01', '%Y-%m-%d'), 12000, 9);
INSERT INTO concerte (id_concert, tara, oras, locatie, data_concert, capacitate, id_turneu) VALUES (59, 'AU', 'Adelaide', 'Entertainment Centre', STR_TO_DATE('2001-11-03', '%Y-%m-%d'), 10000, 9);
INSERT INTO concerte (id_concert, tara, oras, locatie, data_concert, capacitate, id_turneu) VALUES (60, 'AU', 'Melbourne', 'Rod Laver Arena', STR_TO_DATE('2001-11-05', '%Y-%m-%d'), 17000, 9);
INSERT INTO concerte (id_concert, tara, oras, locatie, data_concert, capacitate, id_turneu) VALUES (61, 'DK', 'Roskilde', 'Roskilde Festival Grounds', STR_TO_DATE('2001-06-30', '%Y-%m-%d'), 50000, 10);
INSERT INTO concerte (id_concert, tara, oras, locatie, data_concert, capacitate, id_turneu) VALUES (62, 'IE', 'Dublin', 'Lansdowne Road', STR_TO_DATE('2001-07-06', '%Y-%m-%d'), 50000, 10);
INSERT INTO concerte (id_concert, tara, oras, locatie, data_concert, capacitate, id_turneu) VALUES (63, 'IE', 'Dublin', 'Lansdowne Road', STR_TO_DATE('2001-07-07', '%Y-%m-%d'), 50000, 10);
INSERT INTO concerte (id_concert, tara, oras, locatie, data_concert, capacitate, id_turneu) VALUES (64, 'GB', 'Cardiff', 'Principality Stadium', STR_TO_DATE('2001-07-14', '%Y-%m-%d'), 74000, 10);
INSERT INTO concerte (id_concert, tara, oras, locatie, data_concert, capacitate, id_turneu) VALUES (65, 'GB', 'Cardiff', 'Principality Stadium', STR_TO_DATE('2001-07-15', '%Y-%m-%d'), 74000, 10);
INSERT INTO concerte (id_concert, tara, oras, locatie, data_concert, capacitate, id_turneu) VALUES (66, 'GB', 'Milton Keynes', 'National Bowl', STR_TO_DATE('2001-07-20', '%Y-%m-%d'), 65000, 10);
INSERT INTO concerte (id_concert, tara, oras, locatie, data_concert, capacitate, id_turneu) VALUES (67, 'GB', 'Reading', 'Rivermead Leisure Centre', STR_TO_DATE('2000-10-06', '%Y-%m-%d'), 5000, 11);
INSERT INTO concerte (id_concert, tara, oras, locatie, data_concert, capacitate, id_turneu) VALUES (68, 'DE', 'Berlin', 'Velodrom', STR_TO_DATE('2001-02-19', '%Y-%m-%d'), 10000, 11);
INSERT INTO concerte (id_concert, tara, oras, locatie, data_concert, capacitate, id_turneu) VALUES (69, 'FR', 'Paris', 'Zénith', STR_TO_DATE('2001-02-23', '%Y-%m-%d'), 6000, 11);
INSERT INTO concerte (id_concert, tara, oras, locatie, data_concert, capacitate, id_turneu) VALUES (70, 'CH', 'Zürich', 'Hallenstadion', STR_TO_DATE('2001-03-11', '%Y-%m-%d'), 13000, 11);
INSERT INTO concerte (id_concert, tara, oras, locatie, data_concert, capacitate, id_turneu) VALUES (71, 'AT', 'Vienna', 'Wiener Stadthalle', STR_TO_DATE('2001-03-13', '%Y-%m-%d'), 16000, 11);
INSERT INTO concerte (id_concert, tara, oras, locatie, data_concert, capacitate, id_turneu) VALUES (72, 'DE', 'Munich', 'Olympic Stadium', STR_TO_DATE('2001-03-14', '%Y-%m-%d'), 70000, 11);
INSERT INTO concerte (id_concert, tara, oras, locatie, data_concert, capacitate, id_turneu) VALUES (73, 'US', 'Boston', 'Avalon', STR_TO_DATE('1999-10-12', '%Y-%m-%d'), 5000, 12);
INSERT INTO concerte (id_concert, tara, oras, locatie, data_concert, capacitate, id_turneu) VALUES (74, 'US', 'New York City', 'Hammerstein Ballroom', STR_TO_DATE('1999-10-15', '%Y-%m-%d'), 2500, 12);
INSERT INTO concerte (id_concert, tara, oras, locatie, data_concert, capacitate, id_turneu) VALUES (75, 'CA', 'Toronto', 'The Warehouse Venue', STR_TO_DATE('1999-10-18', '%Y-%m-%d'), 1500, 12);
INSERT INTO concerte (id_concert, tara, oras, locatie, data_concert, capacitate, id_turneu) VALUES (76, 'CA', 'Kitchener', 'Lyric Theatre', STR_TO_DATE('1999-10-19', '%Y-%m-%d'), 800, 12);
INSERT INTO concerte (id_concert, tara, oras, locatie, data_concert, capacitate, id_turneu) VALUES (77, 'US', 'Pittsburgh', 'Stavanger', STR_TO_DATE('1999-10-21', '%Y-%m-%d'), 3000, 12);
INSERT INTO concerte (id_concert, tara, oras, locatie, data_concert, capacitate, id_turneu) VALUES (78, 'US', 'Washington DC', '9:30 Club', STR_TO_DATE('1999-10-22', '%Y-%m-%d'), 1200, 12);
INSERT INTO concerte (id_concert, tara, oras, locatie, data_concert, capacitate, id_turneu) VALUES (79, 'SE', 'Stockholm', 'Cirkus', STR_TO_DATE('1999-09-03', '%Y-%m-%d'), 1500, 13);
INSERT INTO concerte (id_concert, tara, oras, locatie, data_concert, capacitate, id_turneu) VALUES (80, 'DK', 'Copenhagen', 'K.B. Hallen', STR_TO_DATE('1999-09-05', '%Y-%m-%d'), 2000, 13);
INSERT INTO concerte (id_concert, tara, oras, locatie, data_concert, capacitate, id_turneu) VALUES (81, 'DE', 'Hanover', 'Capitol', STR_TO_DATE('1999-09-06', '%Y-%m-%d'), 1200, 13);
INSERT INTO concerte (id_concert, tara, oras, locatie, data_concert, capacitate, id_turneu) VALUES (82, 'DE', 'Cologne', 'Palladium', STR_TO_DATE('1999-09-07', '%Y-%m-%d'), 2500, 13);
INSERT INTO concerte (id_concert, tara, oras, locatie, data_concert, capacitate, id_turneu) VALUES (83, 'DE', 'Offenbach', 'Stadthalle', STR_TO_DATE('1999-09-09', '%Y-%m-%d'), 2000, 13);
INSERT INTO concerte (id_concert, tara, oras, locatie, data_concert, capacitate, id_turneu) VALUES (84, 'DE', 'Hamburg', 'CCH Halle 2', STR_TO_DATE('1999-09-10', '%Y-%m-%d'), 3000, 13);
INSERT INTO concerte (id_concert, tara, oras, locatie, data_concert, capacitate, id_turneu) VALUES (85, 'CA', 'Toronto', 'The Opera House', STR_TO_DATE('1999-05-01', '%Y-%m-%d'), 1500, 14);
INSERT INTO concerte (id_concert, tara, oras, locatie, data_concert, capacitate, id_turneu) VALUES (86, 'US', 'New York City', 'The Bowery Ballroom', STR_TO_DATE('1999-05-04', '%Y-%m-%d'), 600, 14);
INSERT INTO concerte (id_concert, tara, oras, locatie, data_concert, capacitate, id_turneu) VALUES (87, 'US', 'Philadelphia', 'Theatre of the Living Arts', STR_TO_DATE('1999-05-06', '%Y-%m-%d'), 1000, 14);
INSERT INTO concerte (id_concert, tara, oras, locatie, data_concert, capacitate, id_turneu) VALUES (88, 'US', 'Boston', 'Paradise Rock Club', STR_TO_DATE('1999-05-07', '%Y-%m-%d'), 1200, 14);
INSERT INTO concerte (id_concert, tara, oras, locatie, data_concert, capacitate, id_turneu) VALUES (89, 'CA', 'Montreal', 'Le Petit Medley', STR_TO_DATE('1999-05-08', '%Y-%m-%d'), 500, 14);
INSERT INTO concerte (id_concert, tara, oras, locatie, data_concert, capacitate, id_turneu) VALUES (90, 'US', 'Washington DC', '9:30 Club', STR_TO_DATE('1999-05-10', '%Y-%m-%d'), 1200, 14);
INSERT INTO concerte (id_concert, tara, oras, locatie, data_concert, capacitate, id_turneu) VALUES (91, 'ES', 'Madrid', 'Universal Sur', STR_TO_DATE('1998-11-27', '%Y-%m-%d'), 3000, 15);
INSERT INTO concerte (id_concert, tara, oras, locatie, data_concert, capacitate, id_turneu) VALUES (92, 'IT', 'Milan', 'Rolling Stones', STR_TO_DATE('1998-11-30', '%Y-%m-%d'), 5000, 15);
INSERT INTO concerte (id_concert, tara, oras, locatie, data_concert, capacitate, id_turneu) VALUES (93, 'DE', 'Munich', 'Club Babylon', STR_TO_DATE('1998-12-01', '%Y-%m-%d'), 800, 15);
INSERT INTO concerte (id_concert, tara, oras, locatie, data_concert, capacitate, id_turneu) VALUES (94, 'DE', 'Düsseldorf', 'Tor 3', STR_TO_DATE('1998-12-03', '%Y-%m-%d'), 1000, 15);
INSERT INTO concerte (id_concert, tara, oras, locatie, data_concert, capacitate, id_turneu) VALUES (95, 'BE', 'Ghent', 'Vooruit', STR_TO_DATE('1998-12-04', '%Y-%m-%d'), 1500, 15);
INSERT INTO concerte (id_concert, tara, oras, locatie, data_concert, capacitate, id_turneu) VALUES (96, 'DE', 'Hamburg', 'Große Freiheit 36', STR_TO_DATE('1998-12-06', '%Y-%m-%d'), 1200, 15);
INSERT INTO concerte (id_concert, tara, oras, locatie, data_concert, capacitate, id_turneu) VALUES (97, 'GB', 'Treforest', 'The Basement', STR_TO_DATE('1998-05-15', '%Y-%m-%d'), 500, 16);
INSERT INTO concerte (id_concert, tara, oras, locatie, data_concert, capacitate, id_turneu) VALUES (98, 'GB', 'Chalfont St Giles', 'Bucks College Student Union', STR_TO_DATE('1998-05-16', '%Y-%m-%d'), 600, 16);
INSERT INTO concerte (id_concert, tara, oras, locatie, data_concert, capacitate, id_turneu) VALUES (99, 'GB', 'Manchester', 'Apollo', STR_TO_DATE('1998-05-20', '%Y-%m-%d'), 3000, 16);
INSERT INTO concerte (id_concert, tara, oras, locatie, data_concert, capacitate, id_turneu) VALUES (100, 'GB', 'Sheffield', 'Convocation Hall', STR_TO_DATE('1998-05-21', '%Y-%m-%d'), 1000, 16);
INSERT INTO concerte (id_concert, tara, oras, locatie, data_concert, capacitate, id_turneu) VALUES (101, 'GB', 'York', 'Barbican Centre', STR_TO_DATE('1998-05-22', '%Y-%m-%d'), 1200, 16);
INSERT INTO concerte (id_concert, tara, oras, locatie, data_concert, capacitate, id_turneu) VALUES (102, 'GB', 'Middlesbrough', 'Town Hall', STR_TO_DATE('1998-05-25', '%Y-%m-%d'), 1000, 16);
INSERT INTO concerte (id_concert, tara, oras, locatie, data_concert, capacitate, id_turneu) VALUES (103, 'IE', 'Dublin', 'Olympia Theatre', STR_TO_DATE('1997-10-22', '%Y-%m-%d'), 1500, 17);
INSERT INTO concerte (id_concert, tara, oras, locatie, data_concert, capacitate, id_turneu) VALUES (104, 'NL', 'Amsterdam', 'Melkweg', STR_TO_DATE('1997-11-07', '%Y-%m-%d'), 1500, 17);
INSERT INTO concerte (id_concert, tara, oras, locatie, data_concert, capacitate, id_turneu) VALUES (105, 'DE', 'Berlin', 'Huxleys Neue Welt', STR_TO_DATE('1997-11-09', '%Y-%m-%d'), 2000, 17);
INSERT INTO concerte (id_concert, tara, oras, locatie, data_concert, capacitate, id_turneu) VALUES (106, 'IT', 'Florence', 'Discoteca Tenax', STR_TO_DATE('1997-11-21', '%Y-%m-%d'), 2000, 17);
INSERT INTO concerte (id_concert, tara, oras, locatie, data_concert, capacitate, id_turneu) VALUES (107, 'IT', 'Milan', 'Rolling Stones', STR_TO_DATE('1997-11-23', '%Y-%m-%d'), 3000, 17);
INSERT INTO concerte (id_concert, tara, oras, locatie, data_concert, capacitate, id_turneu) VALUES (108, 'ES', 'Madrid', 'Aqualung', STR_TO_DATE('1997-11-27', '%Y-%m-%d'), 1000, 17);

-- Insert-uri in Tabelul Staff
INSERT INTO staff (id_membru, nume_membru, prenume_membru, rol, salariu, email, telefon) VALUES (1, 'Enthoven', 'David', 'Co-Fondator', 100000, 'david.enthoven@example.com', '+44 7700 900001');
INSERT INTO staff (id_membru, nume_membru, prenume_membru, rol, salariu, email, telefon) VALUES (2, 'Clark', 'Tim', 'Co-Fondator', 100000, 'tim.clark@example.com', '+44 7700 900002');
INSERT INTO staff (id_membru, nume_membru, prenume_membru, rol, salariu, email, telefon) VALUES (3, 'Loney', 'Michael', 'Director General', 80000, 'michael.loney@example.com', '+44 7700 900003');
INSERT INTO staff (id_membru, nume_membru, prenume_membru, rol, salariu, email, telefon) VALUES (4, 'Medland', 'Daniel', 'Director General', 80000, 'daniel.medland@example.com', '+44 7700 900004');
INSERT INTO staff (id_membru, nume_membru, prenume_membru, rol, salariu, email, telefon) VALUES (5, 'Cliff', 'Josie', 'Asistent Personal', 35000, 'josie.cliff@example.com', '+44 7700 900005');
INSERT INTO staff (id_membru, nume_membru, prenume_membru, rol, salariu, email, telefon) VALUES (6, 'Briggs', 'Chris', 'Consilier Personal', 50000, 'chris.briggs@example.com', '+44 7700 900006');
INSERT INTO staff (id_membru, nume_membru, prenume_membru, rol, salariu, email, telefon) VALUES (7, 'Wilkinson', 'Duncan ''Pompey''', 'Bodyguard', 40000, 'duncan.wilkinson@example.com', '+44 7700 900007');
INSERT INTO staff (id_membru, nume_membru, prenume_membru, rol, salariu, email, telefon) VALUES (8, 'Nuttall', 'Gary', 'Tehnician Sunet', 45000, 'gary.nuttall@example.com', '+44 7700 900008');
INSERT INTO staff (id_membru, nume_membru, prenume_membru, rol, salariu, email, telefon) VALUES (9, 'Skeete', 'Sarah Jane', 'Manager Turneu', 55000, 'sarah.skeete@example.com', '+44 7700 900009');
INSERT INTO staff (id_membru, nume_membru, prenume_membru, rol, salariu, email, telefon) VALUES (10, 'Longworth', 'Tom', 'Chitarist', 50000, 'tom.longworth@example.com', '+44 7700 900010');
INSERT INTO staff (id_membru, nume_membru, prenume_membru, rol, salariu, email, telefon) VALUES (11, 'Meehan', 'Jerry', 'Basist', 50000, 'jerry.meehan@example.com', '+44 7700 900011');
INSERT INTO staff (id_membru, nume_membru, prenume_membru, rol, salariu, email, telefon) VALUES (12, 'Sharrock', 'Chris', 'Tobosar', 50000, 'chris.sharrock@example.com', '+44 7700 900012');
INSERT INTO staff (id_membru, nume_membru, prenume_membru, rol, salariu, email, telefon) VALUES (13, 'Chambers', 'Guy', 'Producator Muzical', 70000, 'guy.chambers@example.com', '+44 7700 900013');
INSERT INTO staff (id_membru, nume_membru, prenume_membru, rol, salariu, email, telefon) VALUES (14, 'Edwards', 'Ben', 'Inginer Sunet', 45000, 'ben.edwards@example.com', '+44 7700 900014');
INSERT INTO staff (id_membru, nume_membru, prenume_membru, rol, salariu, email, telefon) VALUES (15, 'Bennett', 'Denosh', 'Vocalist Backup', 40000, 'denosh.bennett@example.com', '+44 7700 900015');
INSERT INTO staff (id_membru, nume_membru, prenume_membru, rol, salariu, email, telefon) VALUES (16, 'Brazil', 'Karl', 'Percutionist', 45000, 'karl.brazil@example.com', '+44 7700 900016');
INSERT INTO staff (id_membru, nume_membru, prenume_membru, rol, salariu, email, telefon) VALUES (17, 'Brown', 'Mark', 'Clapar', 45000, 'mark.brown@example.com', '+44 7700 900017');
INSERT INTO staff (id_membru, nume_membru, prenume_membru, rol, salariu, email, telefon) VALUES (18, 'Kearsey', 'Mike', 'Trombonist', 45000, 'mike.kearsey@example.com', '+44 7700 900018');
INSERT INTO staff (id_membru, nume_membru, prenume_membru, rol, salariu, email, telefon) VALUES (19, 'Holley', 'Nayanna', 'Vocalist Backup', 40000, 'nayanna.holley@example.com', '+44 7700 900019');

-- Insert-uri Tabel echipamente
INSERT INTO echipamente (id_echipament, tip_echipament, nume_echipament, producator_echipament, model_echipament) VALUES (1, 'Chitara', 'Stratocaster', 'Fender', 'Standard');
INSERT INTO echipamente (id_echipament, tip_echipament, nume_echipament, producator_echipament, model_echipament) VALUES (2, 'Toba', 'Bass Drum', 'Yamaha', 'Stage Custom');
INSERT INTO echipamente (id_echipament, tip_echipament, nume_echipament, producator_echipament, model_echipament) VALUES (3, 'Amplificator', 'AC30', 'Vox', 'Custom');
INSERT INTO echipamente (id_echipament, tip_echipament, nume_echipament, producator_echipament, model_echipament) VALUES (4, 'Claviatura', 'Nord Stage 3', 'Clavia', '88 Keys');
INSERT INTO echipamente (id_echipament, tip_echipament, nume_echipament, producator_echipament, model_echipament) VALUES (5, 'Microfon', 'SM58', 'Shure', 'Dynamic');
INSERT INTO echipamente (id_echipament, tip_echipament, nume_echipament, producator_echipament, model_echipament) VALUES (6, 'Mixer', 'X32', 'Behringer', 'Compact');
INSERT INTO echipamente (id_echipament, tip_echipament, nume_echipament, producator_echipament, model_echipament) VALUES (7, 'Monitor', 'SRM450', 'Mackie', 'Active');
INSERT INTO echipamente (id_echipament, tip_echipament, nume_echipament, producator_echipament, model_echipament) VALUES (8, 'Cablu', 'XLR', 'Neutrik', 'Pro');
INSERT INTO echipamente (id_echipament, tip_echipament, nume_echipament, producator_echipament, model_echipament) VALUES (9, 'Procesor Efecte', 'Helix', 'Line 6', 'LT');
INSERT INTO echipamente (id_echipament, tip_echipament, nume_echipament, producator_echipament, model_echipament) VALUES (10, 'Microfon Wireless', 'QLXD2', 'Shure', 'Handheld');
INSERT INTO echipamente (id_echipament, tip_echipament, nume_echipament, producator_echipament, model_echipament) VALUES (11, 'Toba', 'Snare Drum', 'Tama', 'S.L.P');
INSERT INTO echipamente (id_echipament, tip_echipament, nume_echipament, producator_echipament, model_echipament) VALUES (12, 'Chitara', 'Les Paul', 'Gibson', 'Standard');
INSERT INTO echipamente (id_echipament, tip_echipament, nume_echipament, producator_echipament, model_echipament) VALUES (13, 'Stativ', 'Microfon Stand', 'Hercules', 'MS401B');
INSERT INTO echipamente (id_echipament, tip_echipament, nume_echipament, producator_echipament, model_echipament) VALUES (14, 'Cablu', 'Instrument Cable', 'Planet Waves', 'Custom Pro');
INSERT INTO echipamente (id_echipament, tip_echipament, nume_echipament, producator_echipament, model_echipament) VALUES (15, 'Procesor Sunet', 'DriveRack PA2', 'dbx', 'PA2');
INSERT INTO echipamente (id_echipament, tip_echipament, nume_echipament, producator_echipament, model_echipament) VALUES (16, 'Mixer', 'Qu-16', 'Allen and Heath', 'Digital');
INSERT INTO echipamente (id_echipament, tip_echipament, nume_echipament, producator_echipament, model_echipament) VALUES (17, 'Monitor', 'HS8', 'Yamaha', 'Studio');
INSERT INTO echipamente (id_echipament, tip_echipament, nume_echipament, producator_echipament, model_echipament) VALUES (18, 'Claviatura', 'CP88', 'Yamaha', 'Stage');
INSERT INTO echipamente (id_echipament, tip_echipament, nume_echipament, producator_echipament, model_echipament) VALUES (19, 'Microfon', 'KSM9', 'Shure', 'Condenser');
INSERT INTO echipamente (id_echipament, tip_echipament, nume_echipament, producator_echipament, model_echipament) VALUES (20, 'Amplificator', 'Twin Reverb', 'Fender', '65 Reissue');

-- Insert-uri Tabel Comunitate
INSERT INTO comunitate (id_fan, nume_fan, prenume_fan, data_nastere, email, data_cumparare, telefon) VALUES (1, 'Smith', 'John', STR_TO_DATE('1990-05-12', '%Y-%m-%d'), 'john.smith1@example.com', STR_TO_DATE('2023-01-15', '%Y-%m-%d'), '+44 7700 900101');
INSERT INTO comunitate (id_fan, nume_fan, prenume_fan, data_nastere, email, data_cumparare, telefon) VALUES (2, 'Brown', 'Emma', STR_TO_DATE('1988-09-23', '%Y-%m-%d'), 'emma.brown2@example.com', STR_TO_DATE('2023-03-10', '%Y-%m-%d'), '+44 7700 900102');
INSERT INTO comunitate (id_fan, nume_fan, prenume_fan, data_nastere, email, data_cumparare, telefon) VALUES (3, 'Taylor', 'James', STR_TO_DATE('1995-12-01', '%Y-%m-%d'), 'james.taylor3@example.com', STR_TO_DATE('2022-12-25', '%Y-%m-%d'), '+44 7700 900103');
INSERT INTO comunitate (id_fan, nume_fan, prenume_fan, data_nastere, email, data_cumparare, telefon) VALUES (4, 'Wilson', 'Sophia', STR_TO_DATE('1992-07-18', '%Y-%m-%d'), 'sophia.wilson4@example.com', STR_TO_DATE('2023-02-05', '%Y-%m-%d'), '+44 7700 900104');
INSERT INTO comunitate (id_fan, nume_fan, prenume_fan, data_nastere, email, data_cumparare, telefon) VALUES (5, 'Jones', 'Liam', STR_TO_DATE('1993-03-30', '%Y-%m-%d'), 'liam.jones5@example.com', STR_TO_DATE('2023-03-25', '%Y-%m-%d'), '+44 7700 900105');
INSERT INTO comunitate (id_fan, nume_fan, prenume_fan, data_nastere, email, data_cumparare, telefon) VALUES (6, 'Davies', 'Olivia', STR_TO_DATE('1997-11-15', '%Y-%m-%d'), 'olivia.davies6@example.com', STR_TO_DATE('2022-11-10', '%Y-%m-%d'), '+44 7700 900106');
INSERT INTO comunitate (id_fan, nume_fan, prenume_fan, data_nastere, email, data_cumparare, telefon) VALUES (7, 'Evans', 'Noah', STR_TO_DATE('1990-06-20', '%Y-%m-%d'), 'noah.evans7@example.com', STR_TO_DATE('2023-01-25', '%Y-%m-%d'), '+44 7700 900107');
INSERT INTO comunitate (id_fan, nume_fan, prenume_fan, data_nastere, email, data_cumparare, telefon) VALUES (8, 'Thomas', 'Mia', STR_TO_DATE('1998-08-14', '%Y-%m-%d'), 'mia.thomas8@example.com', STR_TO_DATE('2023-02-20', '%Y-%m-%d'), '+44 7700 900108');
INSERT INTO comunitate (id_fan, nume_fan, prenume_fan, data_nastere, email, data_cumparare, telefon) VALUES (9, 'Roberts', 'Lucas', STR_TO_DATE('1985-02-09', '%Y-%m-%d'), 'lucas.roberts9@example.com', STR_TO_DATE('2023-03-18', '%Y-%m-%d'), '+44 7700 900109');
INSERT INTO comunitate (id_fan, nume_fan, prenume_fan, data_nastere, email, data_cumparare, telefon) VALUES (10, 'Walker', 'Ella', STR_TO_DATE('1994-04-05', '%Y-%m-%d'), 'ella.walker10@example.com', STR_TO_DATE('2022-10-30', '%Y-%m-%d'), '+44 7700 900110');
INSERT INTO comunitate (id_fan, nume_fan, prenume_fan, data_nastere, email, data_cumparare, telefon) VALUES (11, 'Edwards', 'Ethan', STR_TO_DATE('1989-12-24', '%Y-%m-%d'), 'ethan.edwards11@example.com', STR_TO_DATE('2023-01-08', '%Y-%m-%d'), '+44 7700 900111');
INSERT INTO comunitate (id_fan, nume_fan, prenume_fan, data_nastere, email, data_cumparare, telefon) VALUES (12, 'Harris', 'Amelia', STR_TO_DATE('1991-10-01', '%Y-%m-%d'), 'amelia.harris12@example.com', STR_TO_DATE('2022-12-12', '%Y-%m-%d'), '+44 7700 900112');
INSERT INTO comunitate (id_fan, nume_fan, prenume_fan, data_nastere, email, data_cumparare, telefon) VALUES (13, 'Martin', 'William', STR_TO_DATE('1987-03-11', '%Y-%m-%d'), 'william.martin13@example.com', STR_TO_DATE('2023-03-01', '%Y-%m-%d'), '+44 7700 900113');
INSERT INTO comunitate (id_fan, nume_fan, prenume_fan, data_nastere, email, data_cumparare, telefon) VALUES (14, 'Cooper', 'Grace', STR_TO_DATE('1996-07-27', '%Y-%m-%d'), 'grace.cooper14@example.com', STR_TO_DATE('2023-02-14', '%Y-%m-%d'), '+44 7700 900114');
INSERT INTO comunitate (id_fan, nume_fan, prenume_fan, data_nastere, email, data_cumparare, telefon) VALUES (15, 'Lee', 'Henry', STR_TO_DATE('1984-09-09', '%Y-%m-%d'), 'henry.lee15@example.com', STR_TO_DATE('2023-03-22', '%Y-%m-%d'), '+44 7700 900115');
INSERT INTO comunitate (id_fan, nume_fan, prenume_fan, data_nastere, email, data_cumparare, telefon) VALUES (16, 'Oprian', 'Mihai', STR_TO_DATE('1992-05-17', '%Y-%m-%d'), 'mihai.oprian16@example.com', STR_TO_DATE('2023-04-01', '%Y-%m-%d'), '+44 7700 900116');
INSERT INTO comunitate (id_fan, nume_fan, prenume_fan, data_nastere, email, data_cumparare, telefon) VALUES (17, 'Preoteasa', 'Mihai', STR_TO_DATE('1986-02-26', '%Y-%m-%d'), 'mihai.preoteasa17@example.com', STR_TO_DATE('2023-04-05', '%Y-%m-%d'), '+44 7700 900117');
INSERT INTO comunitate (id_fan, nume_fan, prenume_fan, data_nastere, email, data_cumparare, telefon) VALUES (18, 'Georgescu', 'Iulia', STR_TO_DATE('1994-11-30', '%Y-%m-%d'), 'iulia.georgescu18@example.com', STR_TO_DATE('2023-04-10', '%Y-%m-%d'), '+44 7700 900118');
INSERT INTO comunitate (id_fan, nume_fan, prenume_fan, data_nastere, email, data_cumparare, telefon) VALUES (19, 'Dumitriu', 'Filip', STR_TO_DATE('1990-08-05', '%Y-%m-%d'), 'filip.dumitriu19@example.com', NULL, '+44 7700 900119');
INSERT INTO comunitate (id_fan, nume_fan, prenume_fan, data_nastere, email, data_cumparare, telefon) VALUES (20, 'Martinez', 'Sofia', STR_TO_DATE('1991-06-14', '%Y-%m-%d'), 'sofia.martinez20@example.com', STR_TO_DATE('2023-04-20', '%Y-%m-%d'), '+44 7700 900120');
INSERT INTO comunitate (id_fan, nume_fan, prenume_fan, data_nastere, email, data_cumparare, telefon) VALUES (21, 'Morris', 'Daniel', STR_TO_DATE('1992-02-25', '%Y-%m-%d'), 'daniel.morris21@example.com', STR_TO_DATE('2023-04-25', '%Y-%m-%d'), '+44 7700 900121');
INSERT INTO comunitate (id_fan, nume_fan, prenume_fan, data_nastere, email, data_cumparare, telefon) VALUES (22, 'Robinson', 'Charlotte', STR_TO_DATE('1988-07-18', '%Y-%m-%d'), 'charlotte.robinson22@example.com', STR_TO_DATE('2023-04-30', '%Y-%m-%d'), '+44 7700 900122');
INSERT INTO comunitate (id_fan, nume_fan, prenume_fan, data_nastere, email, data_cumparare, telefon) VALUES (23, 'Clark', 'George', STR_TO_DATE('1989-10-03', '%Y-%m-%d'), 'george.clark23@example.com', STR_TO_DATE('2023-05-05', '%Y-%m-%d'), '+44 7700 900123');
INSERT INTO comunitate (id_fan, nume_fan, prenume_fan, data_nastere, email, data_cumparare, telefon) VALUES (24, 'Rodriguez', 'Isabella', STR_TO_DATE('1995-01-12', '%Y-%m-%d'), 'isabella.rodriguez24@example.com', STR_TO_DATE('2023-05-10', '%Y-%m-%d'), '+44 7700 900124');
INSERT INTO comunitate (id_fan, nume_fan, prenume_fan, data_nastere, email, data_cumparare, telefon) VALUES (25, 'Nguyen', 'Ethan', STR_TO_DATE('1990-11-22', '%Y-%m-%d'), 'ethan.nguyen25@example.com', STR_TO_DATE('2023-05-15', '%Y-%m-%d'), '+44 7700 900125');
INSERT INTO comunitate (id_fan, nume_fan, prenume_fan, data_nastere, email, data_cumparare, telefon) VALUES (26, 'Wright', 'Amelia', STR_TO_DATE('1993-02-17', '%Y-%m-%d'), 'amelia.wright26@example.com', STR_TO_DATE('2023-05-20', '%Y-%m-%d'), '+44 7700 900126');
INSERT INTO comunitate (id_fan, nume_fan, prenume_fan, data_nastere, email, data_cumparare, telefon) VALUES (27, 'Taylor', 'Oliver', STR_TO_DATE('1996-12-01', '%Y-%m-%d'), 'oliver.taylor27@example.com', STR_TO_DATE('2023-05-25', '%Y-%m-%d'), '+44 7700 900127');
INSERT INTO comunitate (id_fan, nume_fan, prenume_fan, data_nastere, email, data_cumparare, telefon) VALUES (28, 'Hughes', 'Emily', STR_TO_DATE('1994-05-30', '%Y-%m-%d'), 'emily.hughes28@example.com', STR_TO_DATE('2023-06-01', '%Y-%m-%d'), '+44 7700 900128');
INSERT INTO comunitate (id_fan, nume_fan, prenume_fan, data_nastere, email, data_cumparare, telefon) VALUES (29, 'King', 'Benjamin', STR_TO_DATE('1991-08-15', '%Y-%m-%d'), 'benjamin.king29@example.com', STR_TO_DATE('2023-06-05', '%Y-%m-%d'), '+44 7700 900129');
INSERT INTO comunitate (id_fan, nume_fan, prenume_fan, data_nastere, email, data_cumparare, telefon) VALUES (30, 'Lopez', 'Natalie', STR_TO_DATE('1990-04-08', '%Y-%m-%d'), 'natalie.lopez30@example.com', STR_TO_DATE('2023-06-10', '%Y-%m-%d'), '+44 7700 900130');

INSERT INTO bilete (id_bilet, tip_bilet, pret, id_concert, id_fan) VALUES (1, 'GA', 55.00, 13, 6);
INSERT INTO bilete (id_bilet, tip_bilet, pret, id_concert, id_fan) VALUES (2, 'VIP', 160.00, 105, 15);
INSERT INTO bilete (id_bilet, tip_bilet, pret, id_concert, id_fan) VALUES (3, 'BP', 95.00, 87, 9);
INSERT INTO bilete (id_bilet, tip_bilet, pret, id_concert, id_fan) VALUES (4, 'FS', 120.00, 60, 11);
INSERT INTO bilete (id_bilet, tip_bilet, pret, id_concert, id_fan) VALUES (5, 'GA', 50.00, 22, 18);
INSERT INTO bilete (id_bilet, tip_bilet, pret, id_concert, id_fan) VALUES (6, 'VIP', 190.00, 50, 24);
INSERT INTO bilete (id_bilet, tip_bilet, pret, id_concert, id_fan) VALUES (7, 'BP', 110.00, 92, 4);
INSERT INTO bilete (id_bilet, tip_bilet, pret, id_concert, id_fan) VALUES (8, 'FS', 130.00, 68, 2);
INSERT INTO bilete (id_bilet, tip_bilet, pret, id_concert, id_fan) VALUES (9, 'GA', 60.00, 31, 30);
INSERT INTO bilete (id_bilet, tip_bilet, pret, id_concert, id_fan) VALUES (10, 'VIP', 180.00, 10, 1);
INSERT INTO bilete (id_bilet, tip_bilet, pret, id_concert, id_fan) VALUES (11, 'BP', 105.00, 77, 7);
INSERT INTO bilete (id_bilet, tip_bilet, pret, id_concert, id_fan) VALUES (12, 'FS', 115.00, 93, 13);
INSERT INTO bilete (id_bilet, tip_bilet, pret, id_concert, id_fan) VALUES (13, 'GA', 50.00, 43, 20);
INSERT INTO bilete (id_bilet, tip_bilet, pret, id_concert, id_fan) VALUES (14, 'VIP', 170.00, 106, 12);
INSERT INTO bilete (id_bilet, tip_bilet, pret, id_concert, id_fan) VALUES (15, 'BP', 95.00, 59, 5);
INSERT INTO bilete (id_bilet, tip_bilet, pret, id_concert, id_fan) VALUES (16, 'FS', 125.00, 26, 19);
INSERT INTO bilete (id_bilet, tip_bilet, pret, id_concert, id_fan) VALUES (17, 'GA', 55.00, 83, 8);
INSERT INTO bilete (id_bilet, tip_bilet, pret, id_concert, id_fan) VALUES (18, 'VIP', 200.00, 62, 22);
INSERT INTO bilete (id_bilet, tip_bilet, pret, id_concert, id_fan) VALUES (19, 'BP', 85.00, 80, 17);
INSERT INTO bilete (id_bilet, tip_bilet, pret, id_concert, id_fan) VALUES (20, 'FS', 110.00, 49, 23);
INSERT INTO bilete (id_bilet, tip_bilet, pret, id_concert, id_fan) VALUES (21, 'GA', 60.00, 51, 28);
INSERT INTO bilete (id_bilet, tip_bilet, pret, id_concert, id_fan) VALUES (22, 'VIP', 190.00, 2, 3);
INSERT INTO bilete (id_bilet, tip_bilet, pret, id_concert, id_fan) VALUES (23, 'BP', 100.00, 14, 25);
INSERT INTO bilete (id_bilet, tip_bilet, pret, id_concert, id_fan) VALUES (24, 'FS', 130.00, 71, 27);
INSERT INTO bilete (id_bilet, tip_bilet, pret, id_concert, id_fan) VALUES (25, 'GA', 50.00, 12, 10);
INSERT INTO bilete (id_bilet, tip_bilet, pret, id_concert, id_fan) VALUES (26, 'VIP', 180.00, 66, 14);
INSERT INTO bilete (id_bilet, tip_bilet, pret, id_concert, id_fan) VALUES (27, 'BP', 110.00, 29, 29);
INSERT INTO bilete (id_bilet, tip_bilet, pret, id_concert, id_fan) VALUES (28, 'FS', 120.00, 55, 21);
INSERT INTO bilete (id_bilet, tip_bilet, pret, id_concert, id_fan) VALUES (29, 'GA', 65.00, 56, 26);
INSERT INTO bilete (id_bilet, tip_bilet, pret, id_concert, id_fan) VALUES (30, 'VIP', 150.00, 76, 30);
INSERT INTO bilete (id_bilet, tip_bilet, pret, id_concert, id_fan) VALUES (31, 'BP', 95.00, 47, 16);
INSERT INTO bilete (id_bilet, tip_bilet, pret, id_concert, id_fan) VALUES (32, 'FS', 130.00, 34, 1);
INSERT INTO bilete (id_bilet, tip_bilet, pret, id_concert, id_fan) VALUES (33, 'GA', 55.00, 18, 12);
INSERT INTO bilete (id_bilet, tip_bilet, pret, id_concert, id_fan) VALUES (34, 'VIP', 170.00, 11, 3);
INSERT INTO bilete (id_bilet, tip_bilet, pret, id_concert, id_fan) VALUES (35, 'BP', 85.00, 104, 8);
INSERT INTO bilete (id_bilet, tip_bilet, pret, id_concert, id_fan) VALUES (36, 'FS', 125.00, 69, 5);
INSERT INTO bilete (id_bilet, tip_bilet, pret, id_concert, id_fan) VALUES (37, 'GA', 60.00, 9, 7);
INSERT INTO bilete (id_bilet, tip_bilet, pret, id_concert, id_fan) VALUES (38, 'VIP', 200.00, 54, 20);
INSERT INTO bilete (id_bilet, tip_bilet, pret, id_concert, id_fan) VALUES (39, 'BP', 100.00, 33, 2);
INSERT INTO bilete (id_bilet, tip_bilet, pret, id_concert, id_fan) VALUES (40, 'FS', 115.00, 98, 23);
INSERT INTO bilete (id_bilet, tip_bilet, pret, id_concert, id_fan) VALUES (41, 'GA', 50.00, 28, 4);
INSERT INTO bilete (id_bilet, tip_bilet, pret, id_concert, id_fan) VALUES (42, 'VIP', 180.00, 73, 25);
INSERT INTO bilete (id_bilet, tip_bilet, pret, id_concert, id_fan) VALUES (43, 'BP', 95.00, 48, 15);
INSERT INTO bilete (id_bilet, tip_bilet, pret, id_concert, id_fan) VALUES (44, 'FS', 130.00, 37, 22);
INSERT INTO bilete (id_bilet, tip_bilet, pret, id_concert, id_fan) VALUES (45, 'GA', 55.00, 45, 6);
INSERT INTO bilete (id_bilet, tip_bilet, pret, id_concert, id_fan) VALUES (46, 'VIP', 170.00, 65, 19);
INSERT INTO bilete (id_bilet, tip_bilet, pret, id_concert, id_fan) VALUES (47, 'BP', 100.00, 24, 11);
INSERT INTO bilete (id_bilet, tip_bilet, pret, id_concert, id_fan) VALUES (48, 'FS', 120.00, 41, 14);
INSERT INTO bilete (id_bilet, tip_bilet, pret, id_concert, id_fan) VALUES (49, 'GA', 50.00, 77, 17);
INSERT INTO bilete (id_bilet, tip_bilet, pret, id_concert, id_fan) VALUES (50, 'VIP', 160.00, 92, NULL);


INSERT INTO lista_piese_concert (id_concert, numar_ordine_piesa, id_piesa, durata_piesa_live) VALUES (1, 1, 10, '03:45');
INSERT INTO lista_piese_concert (id_concert, numar_ordine_piesa, id_piesa, durata_piesa_live) VALUES (1, 2, 25, '04:12');
INSERT INTO lista_piese_concert (id_concert, numar_ordine_piesa, id_piesa, durata_piesa_live) VALUES (1, 3, 50, '05:00');
INSERT INTO lista_piese_concert (id_concert, numar_ordine_piesa, id_piesa, durata_piesa_live) VALUES (1, 4, 75, '02:30');
INSERT INTO lista_piese_concert (id_concert, numar_ordine_piesa, id_piesa, durata_piesa_live) VALUES (1, 5, 100, '04:05');
INSERT INTO lista_piese_concert (id_concert, numar_ordine_piesa, id_piesa, durata_piesa_live) VALUES (2, 1, 15, '03:20');
INSERT INTO lista_piese_concert (id_concert, numar_ordine_piesa, id_piesa, durata_piesa_live) VALUES (2, 2, 30, '04:50');
INSERT INTO lista_piese_concert (id_concert, numar_ordine_piesa, id_piesa, durata_piesa_live) VALUES (2, 3, 55, '03:40');
INSERT INTO lista_piese_concert (id_concert, numar_ordine_piesa, id_piesa, durata_piesa_live) VALUES (2, 4, 80, '05:15');
INSERT INTO lista_piese_concert (id_concert, numar_ordine_piesa, id_piesa, durata_piesa_live) VALUES (2, 5, 105, '04:25');
INSERT INTO lista_piese_concert (id_concert, numar_ordine_piesa, id_piesa, durata_piesa_live) VALUES (3, 1, 20, '03:10');
INSERT INTO lista_piese_concert (id_concert, numar_ordine_piesa, id_piesa, durata_piesa_live) VALUES (3, 2, 45, '04:30');
INSERT INTO lista_piese_concert (id_concert, numar_ordine_piesa, id_piesa, durata_piesa_live) VALUES (3, 3, 70, '02:55');
INSERT INTO lista_piese_concert (id_concert, numar_ordine_piesa, id_piesa, durata_piesa_live) VALUES (3, 4, 95, '03:35');
INSERT INTO lista_piese_concert (id_concert, numar_ordine_piesa, id_piesa, durata_piesa_live) VALUES (3, 5, 120, '04:45');
INSERT INTO lista_piese_concert (id_concert, numar_ordine_piesa, id_piesa, durata_piesa_live) VALUES (4, 1, 35, '05:10');
INSERT INTO lista_piese_concert (id_concert, numar_ordine_piesa, id_piesa, durata_piesa_live) VALUES (4, 2, 60, '03:25');
INSERT INTO lista_piese_concert (id_concert, numar_ordine_piesa, id_piesa, durata_piesa_live) VALUES (4, 3, 85, '04:35');
INSERT INTO lista_piese_concert (id_concert, numar_ordine_piesa, id_piesa, durata_piesa_live) VALUES (4, 4, 110, '02:50');
INSERT INTO lista_piese_concert (id_concert, numar_ordine_piesa, id_piesa, durata_piesa_live) VALUES (4, 5, 135, '04:55');
INSERT INTO lista_piese_concert (id_concert, numar_ordine_piesa, id_piesa, durata_piesa_live) VALUES (5, 1, 40, '03:05');
INSERT INTO lista_piese_concert (id_concert, numar_ordine_piesa, id_piesa, durata_piesa_live) VALUES (5, 2, 65, '04:20');
INSERT INTO lista_piese_concert (id_concert, numar_ordine_piesa, id_piesa, durata_piesa_live) VALUES (5, 3, 90, '05:05');
INSERT INTO lista_piese_concert (id_concert, numar_ordine_piesa, id_piesa, durata_piesa_live) VALUES (5, 4, 115, '03:30');
INSERT INTO lista_piese_concert (id_concert, numar_ordine_piesa, id_piesa, durata_piesa_live) VALUES (5, 5, 140, '04:15');
INSERT INTO lista_piese_concert (id_concert, numar_ordine_piesa, id_piesa, durata_piesa_live) VALUES (6, 1, 50, '02:45');
INSERT INTO lista_piese_concert (id_concert, numar_ordine_piesa, id_piesa, durata_piesa_live) VALUES (6, 2, 75, '04:10');
INSERT INTO lista_piese_concert (id_concert, numar_ordine_piesa, id_piesa, durata_piesa_live) VALUES (6, 3, 100, '05:25');
INSERT INTO lista_piese_concert (id_concert, numar_ordine_piesa, id_piesa, durata_piesa_live) VALUES (6, 4, 125, '03:15');
INSERT INTO lista_piese_concert (id_concert, numar_ordine_piesa, id_piesa, durata_piesa_live) VALUES (6, 5, 150, '04:50');
INSERT INTO lista_piese_concert (id_concert, numar_ordine_piesa, id_piesa, durata_piesa_live) VALUES (7, 1, 55, '03:50');
INSERT INTO lista_piese_concert (id_concert, numar_ordine_piesa, id_piesa, durata_piesa_live) VALUES (7, 2, 80, '04:05');
INSERT INTO lista_piese_concert (id_concert, numar_ordine_piesa, id_piesa, durata_piesa_live) VALUES (7, 3, 105, '05:00');
INSERT INTO lista_piese_concert (id_concert, numar_ordine_piesa, id_piesa, durata_piesa_live) VALUES (7, 4, 130, '03:45');
INSERT INTO lista_piese_concert (id_concert, numar_ordine_piesa, id_piesa, durata_piesa_live) VALUES (7, 5, 155, '04:35');
INSERT INTO lista_piese_concert (id_concert, numar_ordine_piesa, id_piesa, durata_piesa_live) VALUES (8, 1, 160, '03:40');
INSERT INTO lista_piese_concert (id_concert, numar_ordine_piesa, id_piesa, durata_piesa_live) VALUES (8, 2, 165, '04:00');
INSERT INTO lista_piese_concert (id_concert, numar_ordine_piesa, id_piesa, durata_piesa_live) VALUES (8, 3, 170, '05:10');
INSERT INTO lista_piese_concert (id_concert, numar_ordine_piesa, id_piesa, durata_piesa_live) VALUES (8, 4, 175, '02:50');
INSERT INTO lista_piese_concert (id_concert, numar_ordine_piesa, id_piesa, durata_piesa_live) VALUES (8, 5, 180, '04:45');
INSERT INTO lista_piese_concert (id_concert, numar_ordine_piesa, id_piesa, durata_piesa_live) VALUES (9, 1, 185, '03:20');
INSERT INTO lista_piese_concert (id_concert, numar_ordine_piesa, id_piesa, durata_piesa_live) VALUES (9, 2, 190, '04:30');
INSERT INTO lista_piese_concert (id_concert, numar_ordine_piesa, id_piesa, durata_piesa_live) VALUES (9, 3, 195, '05:15');
INSERT INTO lista_piese_concert (id_concert, numar_ordine_piesa, id_piesa, durata_piesa_live) VALUES (9, 4, 200, '03:55');
INSERT INTO lista_piese_concert (id_concert, numar_ordine_piesa, id_piesa, durata_piesa_live) VALUES (9, 5, 205, '04:25');
INSERT INTO lista_piese_concert (id_concert, numar_ordine_piesa, id_piesa, durata_piesa_live) VALUES (10, 1, 210, '05:05');
INSERT INTO lista_piese_concert (id_concert, numar_ordine_piesa, id_piesa, durata_piesa_live) VALUES (10, 2, 215, '04:40');
INSERT INTO lista_piese_concert (id_concert, numar_ordine_piesa, id_piesa, durata_piesa_live) VALUES (10, 3, 220, '03:25');
INSERT INTO lista_piese_concert (id_concert, numar_ordine_piesa, id_piesa, durata_piesa_live) VALUES (10, 4, 225, '05:20');
INSERT INTO lista_piese_concert (id_concert, numar_ordine_piesa, id_piesa, durata_piesa_live) VALUES (10, 5, 230, '04:10');
INSERT INTO lista_piese_concert (id_concert, numar_ordine_piesa, id_piesa, durata_piesa_live) VALUES (11, 1, 235, '03:50');
INSERT INTO lista_piese_concert (id_concert, numar_ordine_piesa, id_piesa, durata_piesa_live) VALUES (11, 2, 240, '04:15');
INSERT INTO lista_piese_concert (id_concert, numar_ordine_piesa, id_piesa, durata_piesa_live) VALUES (11, 3, 245, '05:05');
INSERT INTO lista_piese_concert (id_concert, numar_ordine_piesa, id_piesa, durata_piesa_live) VALUES (11, 4, 250, '03:20');
INSERT INTO lista_piese_concert (id_concert, numar_ordine_piesa, id_piesa, durata_piesa_live) VALUES (11, 5, 255, '04:50');
INSERT INTO lista_piese_concert (id_concert, numar_ordine_piesa, id_piesa, durata_piesa_live) VALUES (12, 1, 5, '02:55');
INSERT INTO lista_piese_concert (id_concert, numar_ordine_piesa, id_piesa, durata_piesa_live) VALUES (12, 2, 20, '03:35');
INSERT INTO lista_piese_concert (id_concert, numar_ordine_piesa, id_piesa, durata_piesa_live) VALUES (12, 3, 30, '04:10');
INSERT INTO lista_piese_concert (id_concert, numar_ordine_piesa, id_piesa, durata_piesa_live) VALUES (12, 4, 50, '03:00');
INSERT INTO lista_piese_concert (id_concert, numar_ordine_piesa, id_piesa, durata_piesa_live) VALUES (12, 5, 70, '04:20');
INSERT INTO lista_piese_concert (id_concert, numar_ordine_piesa, id_piesa, durata_piesa_live) VALUES (13, 1, 90, '05:00');
INSERT INTO lista_piese_concert (id_concert, numar_ordine_piesa, id_piesa, durata_piesa_live) VALUES (13, 2, 100, '03:50');
INSERT INTO lista_piese_concert (id_concert, numar_ordine_piesa, id_piesa, durata_piesa_live) VALUES (13, 3, 110, '04:05');
INSERT INTO lista_piese_concert (id_concert, numar_ordine_piesa, id_piesa, durata_piesa_live) VALUES (13, 4, 120, '03:15');
INSERT INTO lista_piese_concert (id_concert, numar_ordine_piesa, id_piesa, durata_piesa_live) VALUES (13, 5, 130, '05:10');
INSERT INTO lista_piese_concert (id_concert, numar_ordine_piesa, id_piesa, durata_piesa_live) VALUES (14, 1, 140, '04:25');
INSERT INTO lista_piese_concert (id_concert, numar_ordine_piesa, id_piesa, durata_piesa_live) VALUES (14, 2, 150, '03:30');
INSERT INTO lista_piese_concert (id_concert, numar_ordine_piesa, id_piesa, durata_piesa_live) VALUES (14, 3, 160, '05:25');
INSERT INTO lista_piese_concert (id_concert, numar_ordine_piesa, id_piesa, durata_piesa_live) VALUES (14, 4, 170, '03:45');
INSERT INTO lista_piese_concert (id_concert, numar_ordine_piesa, id_piesa, durata_piesa_live) VALUES (14, 5, 180, '04:30');
INSERT INTO lista_piese_concert (id_concert, numar_ordine_piesa, id_piesa, durata_piesa_live) VALUES (15, 1, 190, '02:50');
INSERT INTO lista_piese_concert (id_concert, numar_ordine_piesa, id_piesa, durata_piesa_live) VALUES (15, 2, 200, '03:35');
INSERT INTO lista_piese_concert (id_concert, numar_ordine_piesa, id_piesa, durata_piesa_live) VALUES (15, 3, 210, '04:45');
INSERT INTO lista_piese_concert (id_concert, numar_ordine_piesa, id_piesa, durata_piesa_live) VALUES (15, 4, 220, '05:15');
INSERT INTO lista_piese_concert (id_concert, numar_ordine_piesa, id_piesa, durata_piesa_live) VALUES (15, 5, 230, '03:20');

INSERT INTO lucreaza (id_membru, id_concert, castig_concert) VALUES (1, 1, 500.00);
INSERT INTO lucreaza (id_membru, id_concert, castig_concert) VALUES (2, 2, 750.50);
INSERT INTO lucreaza (id_membru, id_concert, castig_concert) VALUES (3, 3, 1020.75);
INSERT INTO lucreaza (id_membru, id_concert, castig_concert) VALUES (4, 4, 2450.30);
INSERT INTO lucreaza (id_membru, id_concert, castig_concert) VALUES (5, 5, 1200.00);
INSERT INTO lucreaza (id_membru, id_concert, castig_concert) VALUES (6, 6, 875.50);
INSERT INTO lucreaza (id_membru, id_concert, castig_concert) VALUES (7, 7, 1450.00);
INSERT INTO lucreaza (id_membru, id_concert, castig_concert) VALUES (8, 8, 980.25);
INSERT INTO lucreaza (id_membru, id_concert, castig_concert) VALUES (9, 9, 2500.00);
INSERT INTO lucreaza (id_membru, id_concert, castig_concert) VALUES (10, 10, 1100.00);
INSERT INTO lucreaza (id_membru, id_concert, castig_concert) VALUES (11, 11, 675.75);
INSERT INTO lucreaza (id_membru, id_concert, castig_concert) VALUES (12, 12, 1325.00);
INSERT INTO lucreaza (id_membru, id_concert, castig_concert) VALUES (13, 13, 900.50);
INSERT INTO lucreaza (id_membru, id_concert, castig_concert) VALUES (14, 14, 1600.00);
INSERT INTO lucreaza (id_membru, id_concert, castig_concert) VALUES (15, 15, 720.25);
INSERT INTO lucreaza (id_membru, id_concert, castig_concert) VALUES (16, 16, 1340.50);
INSERT INTO lucreaza (id_membru, id_concert, castig_concert) VALUES (17, 17, 1180.00);
INSERT INTO lucreaza (id_membru, id_concert, castig_concert) VALUES (18, 18, 1455.75);
INSERT INTO lucreaza (id_membru, id_concert, castig_concert) VALUES (19, 19, 890.00);
INSERT INTO lucreaza (id_membru, id_concert, castig_concert) VALUES (1, 20, 960.50);
INSERT INTO lucreaza (id_membru, id_concert, castig_concert) VALUES (2, 21, 1200.00);
INSERT INTO lucreaza (id_membru, id_concert, castig_concert) VALUES (3, 22, 1575.25);
INSERT INTO lucreaza (id_membru, id_concert, castig_concert) VALUES (4, 23, 1400.00);
INSERT INTO lucreaza (id_membru, id_concert, castig_concert) VALUES (5, 24, 1150.75);
INSERT INTO lucreaza (id_membru, id_concert, castig_concert) VALUES (6, 25, 1850.00);
INSERT INTO lucreaza (id_membru, id_concert, castig_concert) VALUES (7, 26, 1320.50);
INSERT INTO lucreaza (id_membru, id_concert, castig_concert) VALUES (8, 27, 910.00);
INSERT INTO lucreaza (id_membru, id_concert, castig_concert) VALUES (9, 28, 1750.75);
INSERT INTO lucreaza (id_membru, id_concert, castig_concert) VALUES (10, 29, 990.00);
INSERT INTO lucreaza (id_membru, id_concert, castig_concert) VALUES (11, 30, 1105.25);
INSERT INTO lucreaza (id_membru, id_concert, castig_concert) VALUES (12, 31, 950.00);
INSERT INTO lucreaza (id_membru, id_concert, castig_concert) VALUES (13, 32, 1680.50);
INSERT INTO lucreaza (id_membru, id_concert, castig_concert) VALUES (14, 33, 1355.00);
INSERT INTO lucreaza (id_membru, id_concert, castig_concert) VALUES (15, 34, 870.25);
INSERT INTO lucreaza (id_membru, id_concert, castig_concert) VALUES (16, 35, 1480.50);
INSERT INTO lucreaza (id_membru, id_concert, castig_concert) VALUES (17, 36, 1520.00);
INSERT INTO lucreaza (id_membru, id_concert, castig_concert) VALUES (18, 37, 1055.75);
INSERT INTO lucreaza (id_membru, id_concert, castig_concert) VALUES (19, 38, 1210.00);
INSERT INTO lucreaza (id_membru, id_concert, castig_concert) VALUES (1, 39, 860.50);
INSERT INTO lucreaza (id_membru, id_concert, castig_concert) VALUES (2, 40, 1650.00);
INSERT INTO lucreaza (id_membru, id_concert, castig_concert) VALUES (3, 41, 1375.25);
INSERT INTO lucreaza (id_membru, id_concert, castig_concert) VALUES (4, 42, 1490.00);
INSERT INTO lucreaza (id_membru, id_concert, castig_concert) VALUES (5, 43, 1900.75);
INSERT INTO lucreaza (id_membru, id_concert, castig_concert) VALUES (6, 44, 980.00);
INSERT INTO lucreaza (id_membru, id_concert, castig_concert) VALUES (7, 45, 1240.50);
INSERT INTO lucreaza (id_membru, id_concert, castig_concert) VALUES (8, 46, 1760.00);
INSERT INTO lucreaza (id_membru, id_concert, castig_concert) VALUES (9, 47, 1175.75);
INSERT INTO lucreaza (id_membru, id_concert, castig_concert) VALUES (10, 48, 1450.00);
INSERT INTO lucreaza (id_membru, id_concert, castig_concert) VALUES (11, 49, 1055.25);
INSERT INTO lucreaza (id_membru, id_concert, castig_concert) VALUES (12, 50, 1540.00);
INSERT INTO lucreaza (id_membru, id_concert, castig_concert) VALUES (13, 51, 1100.50);
INSERT INTO lucreaza (id_membru, id_concert, castig_concert) VALUES (14, 52, 1265.00);
INSERT INTO lucreaza (id_membru, id_concert, castig_concert) VALUES (15, 53, 1380.25);
INSERT INTO lucreaza (id_membru, id_concert, castig_concert) VALUES (16, 54, 1755.50);
INSERT INTO lucreaza (id_membru, id_concert, castig_concert) VALUES (17, 55, 1430.00);
INSERT INTO lucreaza (id_membru, id_concert, castig_concert) VALUES (18, 56, 990.75);
INSERT INTO lucreaza (id_membru, id_concert, castig_concert) VALUES (19, 57, 1190.00);
INSERT INTO lucreaza (id_membru, id_concert, castig_concert) VALUES (1, 58, 820.50);
INSERT INTO lucreaza (id_membru, id_concert, castig_concert) VALUES (2, 59, 1690.00);
INSERT INTO lucreaza (id_membru, id_concert, castig_concert) VALUES (3, 60, 1325.25);
INSERT INTO lucreaza (id_membru, id_concert, castig_concert) VALUES (4, 61, 1420.00);
INSERT INTO lucreaza (id_membru, id_concert, castig_concert) VALUES (5, 62, 1350.75);
INSERT INTO lucreaza (id_membru, id_concert, castig_concert) VALUES (6, 63, 1950.00);
INSERT INTO lucreaza (id_membru, id_concert, castig_concert) VALUES (7, 64, 1120.50);
INSERT INTO lucreaza (id_membru, id_concert, castig_concert) VALUES (8, 65, 950.00);
INSERT INTO lucreaza (id_membru, id_concert, castig_concert) VALUES (9, 66, 1675.75);
INSERT INTO lucreaza (id_membru, id_concert, castig_concert) VALUES (10, 67, 1000.00);
INSERT INTO lucreaza (id_membru, id_concert, castig_concert) VALUES (11, 68, 1295.25);
INSERT INTO lucreaza (id_membru, id_concert, castig_concert) VALUES (12, 69, 1020.00);
INSERT INTO lucreaza (id_membru, id_concert, castig_concert) VALUES (13, 70, 1390.50);
INSERT INTO lucreaza (id_membru, id_concert, castig_concert) VALUES (14, 71, 1365.00);
INSERT INTO lucreaza (id_membru, id_concert, castig_concert) VALUES (15, 72, 870.25);
INSERT INTO lucreaza (id_membru, id_concert, castig_concert) VALUES (16, 73, 1240.50);
INSERT INTO lucreaza (id_membru, id_concert, castig_concert) VALUES (17, 74, 1190.00);
INSERT INTO lucreaza (id_membru, id_concert, castig_concert) VALUES (18, 75, 1095.75);
INSERT INTO lucreaza (id_membru, id_concert, castig_concert) VALUES (19, 76, 1420.00);
INSERT INTO lucreaza (id_membru, id_concert, castig_concert) VALUES (1, 77, 980.50);
INSERT INTO lucreaza (id_membru, id_concert, castig_concert) VALUES (2, 78, 1360.00);
INSERT INTO lucreaza (id_membru, id_concert, castig_concert) VALUES (3, 79, 1275.25);
INSERT INTO lucreaza (id_membru, id_concert, castig_concert) VALUES (4, 80, 1490.00);
INSERT INTO lucreaza (id_membru, id_concert, castig_concert) VALUES (5, 81, 1250.75);
INSERT INTO lucreaza (id_membru, id_concert, castig_concert) VALUES (6, 82, 1450.00);
INSERT INTO lucreaza (id_membru, id_concert, castig_concert) VALUES (7, 83, 1650.50);
INSERT INTO lucreaza (id_membru, id_concert, castig_concert) VALUES (8, 84, 1150.00);
INSERT INTO lucreaza (id_membru, id_concert, castig_concert) VALUES (9, 85, 1350.75);
INSERT INTO lucreaza (id_membru, id_concert, castig_concert) VALUES (10, 86, 1750.00);
INSERT INTO lucreaza (id_membru, id_concert, castig_concert) VALUES (11, 87, 1185.25);
INSERT INTO lucreaza (id_membru, id_concert, castig_concert) VALUES (12, 88, 950.00);
INSERT INTO lucreaza (id_membru, id_concert, castig_concert) VALUES (13, 89, 1190.50);
INSERT INTO lucreaza (id_membru, id_concert, castig_concert) VALUES (14, 90, 1445.00);
INSERT INTO lucreaza (id_membru, id_concert, castig_concert) VALUES (15, 91, 1010.25);
INSERT INTO lucreaza (id_membru, id_concert, castig_concert) VALUES (16, 92, 1545.50);
INSERT INTO lucreaza (id_membru, id_concert, castig_concert) VALUES (17, 93, 1355.00);
INSERT INTO lucreaza (id_membru, id_concert, castig_concert) VALUES (18, 94, 1150.75);
INSERT INTO lucreaza (id_membru, id_concert, castig_concert) VALUES (19, 95, 1200.00);
INSERT INTO lucreaza (id_membru, id_concert, castig_concert) VALUES (1, 96, 850.50);
INSERT INTO lucreaza (id_membru, id_concert, castig_concert) VALUES (2, 97, 1680.00);
INSERT INTO lucreaza (id_membru, id_concert, castig_concert) VALUES (3, 98, 1320.25);
INSERT INTO lucreaza (id_membru, id_concert, castig_concert) VALUES (4, 99, 1425.00);
INSERT INTO lucreaza (id_membru, id_concert, castig_concert) VALUES (5, 100, 1355.75);



